WKT,Nome
"MULTIPOLYGON (((-13131.8607 240941.432800001,-13133.1534 240953.9912,-13134.6886 240967.011299999,-13134.0964 240978.278100001,-13131.5178 240987.440099999,-13125.4545 240996.4451,-13121.9917 241004.8136,-13111.7302 241016.783299999,-13100.6493 241028.418299999,-13060.8155 241032.804500001,-13044.9444 241017.221899999,-13038.5959 241005.1021,-13029.6503 240997.599400001,-13020.4162 240985.479599999,-13016.3763 240973.648399999,-13017.242 240962.682800001,-13017.8191 240945.368799999,-13021.0566 240932.203,-13034.6649 240912.595899999,-13055.2174 240901.910700001,-13081.2576 240900.4332,-13105.451 240910.2214,-13123.5499 240925.919399999,-13131.8607 240941.432800001)))",Castro de Britelo
"MULTIPOLYGON (((-11548.7297 263691.0635,-11564.6048 263691.7249,-11594.3704 263702.3083,-11624.1361 263712.8916,-11635.381 263723.475,-11634.7195 263759.1938,-11631.4122 263792.928300001,-11626.7731 263815.6162,-11618.183 263838.569,-11606.1356 263860.5955,-11591.7246 263847.1679,-11575.1881 263833.2773,-11563.9433 263820.0481,-11548.0682 263800.204299999,-11545.4224 263789.621,-11537.4849 263775.7303,-11527.563 263757.8709,-11524.9171 263744.6417,-11526.2401 263728.7667,-11535.5005 263714.214600001,-11540.8302 263702.325300001,-11548.7297 263691.0635)))",Castro de S. Marcos
"MULTIPOLYGON (((-10253.9277 264293.5858,-10228.1163 264278.6512,-10206.4873 264258.3576,-10184.7245 264241.0803,-10169.9078 264228.909399999,-10148.7411 264197.159399999,-10149.4171 264174.695499999,-10157.737 264149.005100001,-10173.612 264129.425899999,-10200.0704 264117.7842,-10218.5913 264110.905,-10230.8423 264108.326,-10249.022 264106.883099999,-10269.7988 264108.614499999,-10290.5756 264115.540100001,-10302.1183 264130.8342,-10319.1437 264147.282500001,-10329.5321 264156.805199999,-10336.4577 264173.830600001,-10345.4033 264187.393200001,-10350.0233 264196.9145,-10351.1776 264219.134099999,-10347.1347 264233.2753,-10338.7663 264251.1665,-10329.8207 264267.037599999,-10317.7009 264282.620200001,-10298.3669 264288.103,-10283.65 264289.8344,-10253.9277 264293.5858)))","Monte do Castro
"
"MULTIPOLYGON (((-10375.324 268319.649800001,-10352.9429 268326.969599999,-10331.7762 268338.214400001,-10315.4501 268345.938899999,-10290.1067 268352.5644,-10268.9376 268342.1832,-10255.0469 268323.0009,-10251.7396 268310.4331,-10256.3698 268286.6206,-10262.323 268270.084100001,-10272.2449 268260.8236,-10291.072 268251.750700001,-10305.1078 268246.7643,-10313.2553 268236.3496,-10331.7762 268226.4277,-10347.4002 268235.868,-10361.5419 268242.3028,-10370.8023 268255.532,-10377.4169 268271.407,-10381.5665 268283.5162,-10384.7227 268294.7884,-10381.5665 268306.970899999,-10375.324 268319.649800001)))",Castro (Fid 200)
"MULTIPOLYGON (((-12269.9946 270269.6764,-12244.5946 270261.7389,-12228.7195 270250.626399999,-12199.3507 270222.845100001,-12185.8569 270198.2388,-12181.0944 270136.326099999,-12178.4148 270071.339600001,-12183.4757 270045.838500001,-12195.9993 270023.094799999,-12218.0927 270028.0546,-12245.5967 270040.228499999,-12276.2569 270056.9112,-12306.4662 270088.9241,-12323.5999 270139.8741,-12326.7561 270191.726,-12329.526 270234.7513,-12316.826 270268.8827,-12292.2197 270273.645199999,-12269.9946 270269.6764)))","Cividade de Paderne
"
"MULTIPOLYGON (((-10070.4792 273766.277799999,-10053.8679 273743.8936,-10053.4059 273716.6338,-10050.9323 273698.9101,-10052.6748 273667.013900001,-10060.588 273645.8388,-10074.4392 273618.136399999,-10095.4725 273602.233200001,-10114.4538 273604.7982,-10138.5651 273611.4673,-10153.4423 273642.2478,-10152.9293 273661.229,-10146.2602 273684.827400001,-10148.8253 273710.990700001,-10150.8773 273741.258199999,-10140.5939 273769.585100001,-10107.5209 273770.9081,-10070.4792 273766.277799999)))","Castro de Chaviaes
"
"MULTIPOLYGON (((-5399.2867 275670.1491,-5407.511 275681.0561,-5411.21509999968 275696.9312,-5407.511 275707.5145,-5400.12409999967 275720.795700001,-5397.01080000028 275733.594699999,-5389.54079999961 275764.1874,-5376.31159999967 275774.7708,-5358.84910000023 275779.533299999,-5344.56149999984 275782.7083,-5335.03650000039 275779.0041,-5335.15390000027 275768.216700001,-5314.39900000021 275747.783199999,-5304.87399999984 275719.2082,-5296.4073 275690.633099999,-5301.4594 275653.2367,-5322.80989999976 275624.356699999,-5342.97400000039 275621.8413,-5359.37820000015 275630.308,-5374.35869999975 275644.6226,-5399.2867 275670.1491)))","Castro de Cevide
"
"MULTIPOLYGON (((-13416.0052 273288.642,-13402.5439 273305.0583,-13373.0977 273306.728700001,-13354.8414 273320.2225,-13330.2351 273337.685,-13309.5975 273363.878900001,-13296.8975 273368.6414,-13281.0225 273367.0539,-13257.2099 273355.941299999,-13243.7161 273347.210100001,-13233.3974 273338.478800001,-13227.8411 273324.985,-13223.8724 273314.666300001,-13219.9036 273306.728700001,-13221.4911 273289.2662,-13236.4116 273272.8824,-13245.6047 273254.496200001,-13251.5145 273235.453400001,-13273.8406 273216.7389,-13322.1043 273201.964299999,-13348.042 273190.1446,-13377.8602 273181.316,-13403.2602 273190.841,-13418.3415 273203.541,-13423.104 273233.703600001,-13423.104 273255.9286,-13416.0052 273288.642)))",Castro (Fid 164)
"MULTIPOLYGON (((-5994.77639999986 275388.478399999,-5978.9013 275409.645099999,-5951.91179999989 275423.9224,-5922.67729999963 275437.4264,-5898.046 275444.955700001,-5850.57820000034 275436.103499999,-5816.18230000045 275408.3221,-5804.9375 275367.973099999,-5808.24480000045 275326.301200001,-5837.34900000039 275301.827099999,-5873.72929999977 275285.2907,-5896.21889999975 275267.4312,-5917.93209999986 275228.443399999,-5933.9221 275223.113399999,-5966.9951 275248.2489,-5986.83889999986 275283.306299999,-6005.3597 275317.702199999,-6007.34410000034 275346.1449,-5994.77639999986 275388.478399999)))","Cidá de Sabanle
"
"MULTIPOLYGON (((-15516.2591 269089.276799999,-15517.5199 269078.770400001,-15517.9401 269061.539899999,-15519.411 269045.5702,-15532.4389 269034.4334,-15539.5833 269030.441,-15543.1555 269022.4561,-15557.234 269020.985200001,-15569.2113 269021.615599999,-15578.2468 269031.491599999,-15584.7608 269038.425799999,-15585.181 269053.344900001,-15582.2392 269076.459,-15580.9785 269090.957800001,-15574.4645 269101.464199999,-15558.9151 269106.087,-15547.358 269107.768,-15540.2137 269111.9706,-15529.4972 269108.398399999,-15519.6211 269099.152799999,-15516.2591 269089.276799999)))","Monte dos Castelos
"
"MULTIPOLYGON (((-16222.4993 269701.455399999,-16221.3229 269714.563100001,-16214.5233 269724.634400001,-16204.2665 269726.480699999,-16193.5952 269720.696799999,-16184.0165 269718.176100001,-16172.7574 269715.739399999,-16162.4225 269707.4211,-16156.0143 269700.411499999,-16155.8494 269690.307700001,-16150.9113 269682.2981,-16146.0206 269673.6843,-16155.2999 269666.287799999,-16190.5703 269673.559699999,-16211.5133 269682.4256,-16221.5994 269689.8221,-16222.4993 269701.455399999)))",A Cividade
"MULTIPOLYGON (((-15370.2213 268134.178400001,-15322.259 268147.1482,-15279.8241 268130.827099999,-15248.2699 268109.0657,-15228.6846 268051.397700001,-15228.6846 268014.403200001,-15229.7727 267968.7041,-15243.9176 267917.5646,-15329.8755 267851.1921,-15397.3361 267847.9279,-15458.2682 267888.1866,-15514.8481 267948.0307,-15544.2261 267996.994,-15492.7819 268052.703400001,-15433.5907 268118.8583,-15370.2213 268134.178400001)))",Castro de Nossa Senhora da Graça
"MULTIPOLYGON (((-17294.2426 264721.339400001,-17278.0161 264733.671499999,-17264.3858 264732.048900001,-17247.1857 264720.041200001,-17245.8875 264691.158,-17258.5442 264678.5013,-17275.0953 264680.124,-17290.9973 264697.973200001,-17294.1128 264708.864399999,-17294.2426 264721.339400001)))",Castro (Fid 156)
"MULTIPOLYGON (((-17595.1435 264434.2311,-17496.263 264448.429300001,-17415.1303 264453.5001,-17377.0994 264432.2028,-17381.156 264384.5373,-17388.2551 264347.013499999,-17444.5409 264334.3365,-17510.4612 264332.3082,-17549.5063 264307.461300001,-17576.3815 264293.2631,-17592.101 264301.883400001,-17604.778 264351.0701,-17579.9311 264380.480699999,-17598.1859 264409.384199999,-17595.1435 264434.2311)))",Castro do Monte da Ladeira
"MULTIPOLYGON (((-16729.0543 263329.138599999,-16719.598 263356.768200001,-16704.0011 263369.056600001,-16690.7674 263358.4224,-16682.8988 263330.8694,-16685.2066 263305.483899999,-16705.3996 263299.714500001,-16729.0543 263329.138599999)))","Castro de Riba de Mouro
"
"MULTIPOLYGON (((-18131.6521 268629.8112,-18121.8235 268669.062899999,-18088.9573 268682.365900001,-18000.5314 268694.103800001,-17930.1037 268697.234,-17884.717 268673.758099999,-17859.6761 268632.284,-17875.3267 268610.373199999,-17898.0701 268587.401799999,-17930.2764 268567.670399999,-17961.0467 268549.6184,-17997.5608 268545.926,-18046.1779 268548.592800001,-18096.231 268572.388499999,-18119.001 268594.748299999,-18131.6521 268629.8112)))",Castro (Fid 22)
"MULTIPOLYGON (((-18577.8819 268433.991,-18566.363 268461.0352,-18547.8327 268475.0581,-18506.2647 268477.0614,-18469.7049 268467.5458,-18442.6607 268425.477,-18453.1779 268348.8517,-18481.7246 268311.791099999,-18514.2971 268296.6864,-18530.0925 268297.3018,-18551.4266 268301.4045,-18567.4272 268309.815099999,-18580.3507 268331.969699999,-18582.402 268362.3298,-18589.1715 268404.5877,-18577.8819 268433.991)))",Castro da Bemposta
"MULTIPOLYGON (((-19863.4843 268716.4529,-19828.9278 268671.3792,-19821.4155 268647.3399,-19828.9278 268586.2399,-19864.4859 268554.688300001,-19900.5449 268555.69,-19930.594 268575.221899999,-19946.6203 268598.2596,-19957.1375 268634.318600001,-19954.9635 268670.648399999,-19930.9627 268682.3411,-19899.9872 268710.034399999,-19887.0637 268715.573,-19877.2172 268717.624399999,-19863.4843 268716.4529)))",Castro (Fid 88)
"MULTIPOLYGON (((-18799.9966 266195.752699999,-18762.1342 266179.6741,-18735.6823 266136.6251,-18745.0183 266083.2027,-18771.4701 266040.1536,-18914.2063 266065.5889,-18958.3549 266096.7917,-18985.5744 266144.2598,-18987.898 266154.882,-18978.9355 266182.101500001,-18965.4493 266203.986099999,-18931.2234 266213.1231,-18883.6674 266219.9432,-18799.9966 266195.752699999)))",Castro da Senhora da Graça_Monção
"MULTIPOLYGON (((-20603.8046 265185.9356,-20577.9129 265200.8731,-20550.0295 265185.603599999,-20541.7309 265166.0189,-20543.3906 265141.455,-20558.992 265120.2105,-20583.224 265110.2522,-20614.7587 265118.218900001,-20628.0365 265133.8203,-20619.074 265164.691099999,-20603.8046 265185.9356)))",Castro (Fid 221)
"MULTIPOLYGON (((-18948.3065 264127.613500001,-18949.894 264179.2074,-18933.2252 264203.8137,-18892.6491 264216.849,-18852.9927 264234.977600001,-18799.74 264237.2437,-18752.5301 264237.2437,-18710.6077 264207.407,-18704.8761 264177.242799999,-18708.5141 264136.2323,-18722.881 264120.469799999,-18798.2874 264116.501,-18830.0375 264109.3572,-18859.4063 264110.151,-18896.7126 264093.4822,-18935.6065 264113.326,-18948.3065 264127.613500001)))",Castro (Fid 134)
"MULTIPOLYGON (((-22416.3965 253451.8574,-22406.5768 253451.102,-22379.7616 253427.3082,-22360.4999 253382.364399999,-22364.2767 253352.5277,-22360.8776 253333.6437,-22362.766 253323.824100001,-22355.2124 253308.339199999,-22354.1185 253288.679400001,-22359.4102 253271.746,-22364.1727 253251.637599999,-22371.581 253222.0042,-22441.4312 253183.904200001,-22487.9979 253177.025,-22505.4605 253202.425,-22526.6272 253212.4792,-22550.3074 253258.146400001,-22520.674 253314.2382,-22501.624 253384.088300001,-22485.8813 253415.1505,-22447.252 253443.1964,-22416.3965 253451.8574)))",Castro de Cabreiro
"MULTIPOLYGON (((-23115.4808 251607.649599999,-23110.1932 251621.246,-23085.2664 251636.730900001,-23055.0521 251646.5505,-23027.8592 251636.3532,-23009.7306 251615.203199999,-22990.8466 251580.8344,-22987.0698 251559.306600001,-23010.8636 251533.2468,-23047.4985 251525.3155,-23085.2664 251528.3369,-23118.5022 251547.976299999,-23121.9013 251582.345100001,-23115.4808 251607.649599999)))",Castro (Fid 117)
"MULTIPOLYGON (((-24008.4145 250004.771400001,-23978.9308 250019.720899999,-23929.9298 250029.687200001,-23895.8783 250012.6614,-23875.5304 249967.813100001,-23883.0051 249910.5068,-23887.573 249871.472100001,-23889.1012 249817.8035,-23908.2365 249781.924900001,-23954.9381 249757.037,-23998.4482 249782.605900001,-24021.2876 249831.1916,-24046.2034 249903.4473,-24057.8308 249946.2194,-24040.3897 249986.0846,-24008.4145 250004.771400001)))",Castro (Fid 100)
"MULTIPOLYGON (((-18848.4712 245415.932600001,-18823.3743 245398.7618,-18816.7999 245372.515699999,-18849.1326 245345.8178,-18903.1745 245314.379,-18926.5234 245310.760500001,-18950.0992 245315.624700001,-18999.9454 245353.093900001,-19013.8361 245375.5835,-19009.2684 245390.9135,-19005.8986 245413.286699999,-18999.284 245427.1774,-18974.1485 245437.099300001,-18945.7058 245449.667,-18902.0494 245447.682600001,-18884.8515 245436.437799999,-18848.4712 245415.932600001)))",Castro (Fid 174)
"MULTIPOLYGON (((-20904.6419 241420.9005,-20880.1776 241424.75,-20847.8741 241419.5243,-20823.7908 241396.473200001,-20793.1706 241353.123199999,-20796.6111 241328.0078,-20818.265 241296.1623,-20857.1588 241277.906,-20897.6401 241277.112199999,-20923.8339 241296.1623,-20937.3277 241320.7686,-20950.8215 241366.012399999,-20944.4715 241385.0624,-20930.1839 241404.112500001,-20904.6419 241420.9005)))",Castro (Fid 215)
"MULTIPOLYGON (((-22615.1165 243365.452400001,-22558.9817 243342.523,-22537.4891 243313.1592,-22483.4737 243227.8355,-22470.1797 243166.0584,-22502.1073 243130.387599999,-22546.8059 243121.3598,-22617.652 243088.1524,-22653.5981 243075.7805,-22685.0853 243081.065099999,-22706.0291 243154.1664,-22710.3667 243206.702,-22695.8146 243268.8792,-22665.3874 243317.827299999,-22641.5749 243349.577299999,-22615.1165 243365.452400001)))",Castro de Ázere
"MULTIPOLYGON (((-24655.4597 267125.012599999,-24658.494 267132.821599999,-24674.9662 267139.197899999,-24674.4349 267143.448799999,-24670.4496 267145.9728,-24661.6822 267149.958,-24665.5345 267152.2163,-24673.6378 267151.552100001,-24676.937 267164.305199999,-24699.1071 267152.428300001,-24713.3594 267176.182,-24690.3975 267218.1469,-24704.6497 267214.979800001,-24746.6146 267217.3551,-24759.2832 267248.235,-24751.3653 267302.8685,-24741.072 267316.3289,-24736.3213 267334.540100001,-24721.2773 267352.7513,-24690.6449 267360.1743,-24671.9388 267373.535800001,-24645.6613 267373.9812,-24618.9384 267377.544199999,-24602.9046 267357.056600001,-24591.7701 267318.753799999,-24586.8709 267271.988700001,-24589.9885 267231.458900001,-24598.4508 267198.055199999,-24603.35 267152.1809,-24614.9299 267139.264799999,-24629.1822 267128.1303,-24655.4597 267125.012599999)))","Castro da Insua
"
"MULTIPOLYGON (((-25130.2313 267799.336300001,-25135.9269 267808.746300001,-25132.7077 267819.889799999,-25139.3937 267818.156300001,-25146.0798 267818.6516,-25154.004 267814.1942,-25155.9851 267820.8803,-25157.4709 267828.5569,-25153.2774 267832.9164,-25150.6197 267846.106,-25150.6197 267860.3935,-25154.7469 267872.635500001,-25156.9756 267894.674699999,-25136.4221 267924.6383,-25144.3464 267930.333799999,-25139.1461 267948.658600001,-25123.5453 267954.6018,-25100.7631 267966.240499999,-25087.6386 267956.830499999,-25073.7711 267954.6018,-25069.0661 267941.9725,-25046.5316 267916.9617,-25030.9307 267891.455499999,-25038.7007 267855.631,-25049.8132 267827.8497,-25065.6882 267819.9122,-25076.8008 267804.0372,-25095.0675 267794.6313,-25118.8402 267790.421499999,-25130.2313 267799.336300001)))",Castro de A Graña
"MULTIPOLYGON (((-26578.7677 267631.6195,-26610.0826 267635.6513,-26680.9403 267673.9395,-26696.6591 267693.8903,-26713.5871 267727.141799999,-26731.7242 267757.370300001,-26730.5151 267780.344,-26725.074 267795.4583,-26716.61 267809.968,-26705.7277 267819.6412,-26691.218 267834.7554,-26666.4305 267848.660599999,-26633.7837 267860.752,-26601.7414 267855.310900001,-26570.3037 267849.2652,-26549.1437 267854.1017,-26529.7974 267843.2194,-26502.5917 267821.4549,-26472.904 267813.932600001,-26434.8039 267806.5242,-26433.7456 267788.532500001,-26437.9026 267776.716600001,-26457.8534 267766.438899999,-26495.1192 267750.212200001,-26522.204 267709.971899999,-26554.5849 267662.4526,-26578.7677 267631.6195)))",Castro (Fid 23)
"MULTIPOLYGON (((-25715.5691 263522.657,-25653.6565 263504.400699999,-25636.194 263485.3506,-25619.5252 263442.4881,-25613.9689 263391.688,-25613.1752 263347.2379,-25616.3502 263298.0253,-25654.4503 263279.769,-25683.0253 263274.2127,-25722.7129 263263.100199999,-25780.6568 263256.7502,-25872.732 263264.6877,-25902.1008 263297.2315,-25914.007 263361.5254,-25906.8633 263411.5318,-25880.6695 263448.044299999,-25842.5694 263479.794399999,-25799.7068 263508.3694,-25715.5691 263522.657)))",Castro de S. Caetano
"MULTIPOLYGON (((-26126.0107 262878.8309,-26072.4997 262891.7806,-26026.5523 262884.525699999,-25983.9905 262857.4409,-25956.422 262833.258099999,-25943.8469 262795.0492,-25964.6442 262744.7488,-25992.6963 262720.566,-26049.2842 262706.539899999,-26112.1596 262723.467900001,-26131.9895 262748.134400001,-26146.4992 262773.768200001,-26153.7541 262811.9772,-26149.8848 262851.1534,-26126.0107 262878.8309)))",Castro (Fid 122)
"MULTIPOLYGON (((-27175.3778 260619.4329,-27142.8884 260629.7344,-27112.7763 260623.395,-27080.287 260613.8859,-27071.5703 260589.320800001,-27065.2309 260565.5481,-27071.5703 260529.0966,-27081.8718 260496.6072,-27087.4188 260466.495100001,-27100.89 260439.5527,-27124.6627 260428.458799999,-27147.643 260414.987600001,-27165.0763 260399.931500001,-27176.9627 260389.63,-27195.9808 260395.177,-27226.8853 260403.101199999,-27227.6778 260443.514799999,-27227.7691 260478.352299999,-27227.7691 260512.7575,-27227.4445 260527.363399999,-27200.8292 260586.1118,-27175.3778 260619.4329)))",Castro (Fid 106)
"MULTIPOLYGON (((-25627.6821 252906.3544,-25593.3606 252896.9035,-25569.9822 252877.5045,-25564.5107 252845.6701,-25571.4745 252785.483200001,-25600.3244 252745.690199999,-25664.4906 252680.0317,-25696.8224 252663.1197,-25711.2474 252683.0162,-25730.149 252704.404899999,-25735.1232 252724.3014,-25742.5844 252756.633199999,-25739.5999 252794.4366,-25722.6879 252831.245100001,-25674.9363 252878.499299999,-25640.6148 252904.8621,-25627.6821 252906.3544)))",Castros das Fontes
"MULTIPOLYGON (((-26355.8628 252322.547700001,-26309.2303 252303.8947,-26230.7325 252286.7961,-26173.2191 252273.5836,-26130.4728 252237.0549,-26108.711 252191.1997,-26124.2551 252129.8003,-26156.1206 252099.4893,-26200.4214 252079.2819,-26213.6339 252062.1833,-26254.0487 252047.4164,-26291.3546 252048.193600001,-26330.9921 252041.976,-26387.7282 252042.7532,-26427.3658 252054.4113,-26450.682 252087.054,-26471.6666 252118.142200001,-26488.7651 252145.3445,-26494.9828 252193.531300001,-26484.8791 252223.065199999,-26447.0081 252252.266899999,-26442.4118 252261.0362,-26406.3498 252292.615900001,-26355.8628 252322.547700001)))","Castro de Álvora
"
"MULTIPOLYGON (((-28315.7683 251622.5395,-28307.867 251637.067600001,-28301.829 251643.663899999,-28294.3585 251650.066400001,-28277.0267 251661.281099999,-28268.6157 251654.9091,-28257.9108 251643.694399999,-28247.4607 251622.0297,-28243.6206 251601.8596,-28247.7156 251589.1503,-28264.0279 251569.2698,-28272.7248 251560.5845,-28291.045 251560.8588,-28313.7292 251587.8759,-28315.7683 251622.5395)))","Castro do Couto
"
"MULTIPOLYGON (((-29266.8647 251405.7491,-29274.6646 251418.0393,-29276.5438 251432.3419,-29287.1754 251453.1406,-29282.7946 251477.035499999,-29274.4493 251498.974199999,-29265.67 251509.2936,-29250.1383 251522.0375,-29231.8189 251533.5867,-29220.2926 251536.981699999,-29187.6133 251552.304400001,-29164.5149 251553.499199999,-29146.5938 251548.7202,-29127.8761 251541.5517,-29113.9374 251519.2498,-29106.7689 251481.8145,-29111.9462 251456.7248,-29113.9374 251433.626399999,-29127.8761 251411.3245,-29156.55 251411.7228,-29215.8889 251412.121,-29243.7663 251407.342,-29266.8647 251405.7491)))",Castro da Senhora da Luz
"MULTIPOLYGON (((-27932.672 237392.549900001,-27926.0473 237415.9911,-27909.2308 237435.3555,-27884.7705 237442.999399999,-27856.2334 237448.604900001,-27829.7348 237442.489800001,-27805.2744 237431.7884,-27788.9676 237425.163699999,-27774.8839 237416.5121,-27774.8839 237403.812100001,-27778.86 237390.395300001,-27794.0635 237356.878599999,-27831.2635 237346.686799999,-27861.8389 237323.2457,-27893.4335 237301.842900001,-27930.6336 237318.659399999,-27927.0665 237333.9471,-27934.2007 237359.4266,-27932.672 237392.549900001)))",Castro (Fid 86)
"MULTIPOLYGON (((-25761.1381 237548.037799999,-25746.1688 237567.0562,-25723.9726 237577.5516,-25692.2727 237573.7257,-25675.3296 237559.5154,-25664.3986 237535.4672,-25653.2999 237515.462400001,-25656.4749 237498.7936,-25676.3187 237489.2686,-25705.3899 237485.1845,-25739.8226 237485.731,-25762.7778 237508.139599999,-25761.1381 237548.037799999)))",Castro (Fid 124)
"MULTIPOLYGON (((-28148.5436 234995.429500001,-28139.5101 234989.235,-28116.539 234977.6205,-28082.0715 234960.8344,-28048.368 234948.560900001,-28044.5872 234921.4652,-28053.409 234897.520300001,-28077.9841 234881.1369,-28109.4906 234866.6439,-28134.0657 234852.781,-28165.5723 234826.3155,-28203.3801 234814.973200001,-28229.2154 234801.740499999,-28273.3246 234790.3981,-28296.0093 234790.3981,-28300.4202 234810.5623,-28299.2759 234845.7567,-28296.8947 234881.4756,-28287.3697 234925.131899999,-28282.6072 234952.1195,-28273.0821 234975.932,-28256.4134 234992.6008,-28239.7446 235006.094599999,-28219.107 235017.2071,-28202.4383 235023.5571,-28182.5945 235020.382099999,-28160.3694 235003.713300001,-28148.5436 234995.429500001)))",Castro de Santa Cruz do Lima
"MULTIPOLYGON (((-19703.2981 261815.273499999,-19665.7276 261816.761399999,-19631.133 261807.0898,-19609.5579 261781.050899999,-19615.8816 261755.3839,-19659.7759 261692.146500001,-19676.5152 261670.943299999,-19714.4576 261669.827400001,-19765.0476 261689.170600001,-19779.555 261721.1613,-19789.2266 261748.316199999,-19766.9075 261779.1909,-19743.1005 261807.0898,-19703.2981 261815.273499999)))",Castro (Fid 229)
"MULTIPOLYGON (((-30733.3284 230708.7589,-30733.3284 230691.2963,-30740.4721 230673.040100001,-30750.7909 230657.958799999,-30765.8722 230646.8463,-30790.4785 230639.702500001,-30827.7848 230631.765,-30859.5349 230630.9712,-30881.7599 230630.9712,-30905.5725 230635.7337,-30923.035 230652.4025,-30927.7975 230666.69,-30920.6538 230684.9463,-30923.035 230706.377599999,-30922.2413 230729.396400001,-30919.0663 230740.5089,-30910.4602 230753.043400001,-30887.3972 230766.062799999,-30864.3341 230779.0823,-30844.6189 230790.241900001,-30829.3675 230792.1018,-30808.9084 230787.638,-30779.1644 230766.122400001,-30745.2347 230727.808900001,-30733.3284 230708.7589)))",Castro de S. Lourenço da Armada
"MULTIPOLYGON (((-34419.0222 225139.170700001,-34400.2146 225159.539,-34372.281 225176.8916,-34348.5798 225182.8169,-34313.4512 225185.7796,-34283.8246 225175.6219,-34276.2064 225165.041,-34261.8164 225144.3025,-34247.4263 225118.485,-34227.5342 225085.0494,-34212.2977 225044.4187,-34198.8071 225006.2481,-34198.1458 224988.3928,-34209.388 224963.2632,-34233.7729 224945.3947,-34264.9377 224940.1174,-34289.4061 224925.568700001,-34316.323 224915.2322,-34356.198 224919.616900001,-34389.9247 224950.037,-34413.7317 224993.022,-34432.2483 225042.62,-34432.2483 225091.556600001,-34419.0222 225139.170700001)))",Roda do Castro
"MULTIPOLYGON (((-33705.9916 223796.922700001,-33722.6473 223789.6927,-33741.8792 223778.857799999,-33756.7771 223774.7948,-33770.8624 223779.399599999,-33781.6972 223785.6296,-33789.2816 223804.048900001,-33787.2357 223820.441400001,-33785.1077 223833.031199999,-33774.2436 223848.368799999,-33765.5097 223865.1975,-33751.3083 223888.9849,-33747.0257 223892.8946,-33713.4168 223903.7853,-33681.5864 223907.9614,-33671.2676 223897.6427,-33668.1729 223857.7477,-33656.013 223840.6165,-33667.9313 223815.9672,-33687.9758 223793.4849,-33705.9916 223796.922700001)))",Castro de Cadem
"MULTIPOLYGON (((-33604.1813 220356.3565,-33529.6237 220308.4266,-33507.7548 220288.5865,-33495.4514 220264.934599999,-33495.8952 220211.679199999,-33495.0076 220183.2763,-33532.8966 220153.6807,-33553.0061 220112.768300001,-33577.2762 220083.644300001,-33611.4594 220065.074200001,-33655.6338 220073.9362,-33687.5316 220083.644300001,-33718.7359 220105.834,-33727.0571 220137.0384,-33734.6848 220166.855900001,-33739.5388 220193.899700001,-33733.298 220222.3303,-33726.3637 220249.3741,-33711.8016 220281.965299999,-33698.6265 220308.3156,-33681.6381 220328.7752,-33660.4878 220352.6952,-33636.069 220366.66,-33623.2169 220366.1505,-33613.5826 220362.514900001,-33604.1813 220356.3565)))","Castro de Escariz
"
"MULTIPOLYGON (((-37489.4613 217473.9059,-37408.1975 217481.795600001,-37375.0608 217451.025800001,-37346.6579 217398.9538,-37345.8689 217350.8267,-37368.749 217273.5077,-37398.7298 217241.1599,-37419.243 217174.0975,-37493.4062 217096.7785,-37565.2024 217045.4955,-37597.207 217026.3204,-37624.9883 217017.059900001,-37647.478 217019.044299999,-37661.4567 217027.349199999,-37664.6759 217055.4246,-37660.0457 217083.8674,-37648.1394 217124.216399999,-37622.8688 217173.2674,-37603.2205 217248.758099999,-37564.0347 217344.0415,-37554.9458 217379.387399999,-37546.8667 217414.2283,-37533.7383 217439.9802,-37517.0753 217462.1976,-37489.4613 217473.9059)))","Castro de Lousado
"
"MULTIPOLYGON (((-42840.0061 220038.681700001,-42773.3309 220072.5485,-42737.3475 220083.1318,-42725.7058 220057.731799999,-42716.1808 220030.2151,-42708.7725 219975.181600001,-42717.2392 219921.206499999,-42730.9975 219888.3981,-42752.1642 219820.6646,-42767.3858 219793.522299999,-42780.7393 219757.1645,-42793.4393 219715.8894,-42814.606 219700.0144,-42836.8311 219691.547700001,-42866.4645 219687.3144,-42887.6312 219683.081,-42910.1075 219698.8824,-42921.5057 219709.545299999,-42957.9067 219731.6065,-43014.1627 219775.361199999,-43042.1069 219790.068700001,-43050.9314 219800.3639,-43059.0205 219820.5866,-43063.065 219835.661800001,-43064.5358 219886.0348,-43055.9065 219918.031500001,-43031.444 219941.187799999,-43011.9566 219956.6306,-42974.8203 219974.2796,-42936.5809 219990.8255,-42897.149 220007.3813,-42840.0061 220038.681700001)))","Castro de Carmona
"
"MULTIPOLYGON (((-43872.8168 218139.659399999,-43842.5601 218153.154200001,-43814.7788 218155.535499999,-43781.4413 218148.3917,-43755.2475 218130.929199999,-43739.3724 218101.5604,-43739.3724 218054.729,-43765.5662 218017.422700001,-43806.0476 217984.878900001,-43883.5888 217986.157500001,-43906.0306 218004.1109,-43908.7236 218054.3805,-43895.2586 218104.6502,-43872.8168 218139.659399999)))",Castro (Fid 9)
"MULTIPOLYGON (((-41436.1076 222670.887800001,-41399.2546 222685.716800001,-41363.0154 222692.541099999,-41333.4681 222671.259400001,-41325.7467 222645.521400001,-41324.6436 222622.7248,-41348.1756 222608.385,-41377.5905 222589.633,-41405.9451 222578.8126,-41434.5201 222589.1313,-41448.554 222611.6942,-41455.9514 222635.9627,-41455.9514 222651.8377,-41436.1076 222670.887800001)))",Castro (Fid 125)
"MULTIPOLYGON (((-40514.8434 224530.376399999,-40483.2594 224502.3018,-40464.3967 224465.8924,-40459.5713 224443.959,-40452.5527 224429.044399999,-40452.9913 224404.0403,-40456.062 224385.6163,-40465.274 224374.211,-40486.7687 224374.211,-40510.018 224374.211,-40525.8101 224375.527,-40536.3381 224379.913699999,-40545.1114 224391.7577,-40549.9367 224406.6724,-40550.8141 224431.2377,-40555.2007 224457.557700001,-40547.7434 224486.9484,-40542.4794 224507.5658,-40545.1114 224528.6218,-40514.8434 224530.376399999)))","Castro do Cresto
"
"MULTIPOLYGON (((-39778.8699 224999.8324,-39811.0845 225017.653200001,-39806.972 225058.092800001,-39769.9594 225121.8366,-39706.9011 225164.3325,-39662.3489 225191.0637,-39606.1447 225207.513800001,-39538.9739 225207.513800001,-39484.1405 225197.9179,-39480.028 225166.388699999,-39483.4551 225139.657500001,-39481.3988 225097.847,-39484.1405 225069.0595,-39481.3988 225036.159499999,-39475.9155 225010.799,-39483.4551 224988.865700001,-39497.1634 224973.1011,-39522.5238 224958.0219,-39663.0344 224968.303200001,-39778.8699 224999.8324)))","Trás de Cidade
"
"MULTIPOLYGON (((-38569.3315 225167.7126,-38515.4265 225150.965399999,-38472.5118 225112.7608,-38429.0737 225086.0699,-38433.7839 225065.1359,-38427.5037 225033.2116,-38429.5971 225010.7075,-38476.1752 224965.176100001,-38530.6036 224941.625299999,-38576.6584 224933.251700001,-38628.4701 224949.4756,-38653.0676 224963.606,-38657.2544 224995.530400001,-38652.5442 225048.9121,-38623.2366 225113.807499999,-38569.3315 225167.7126)))","Alto de Valadas
"
"MULTIPOLYGON (((-37553.5928 226187.052,-37520.0984 226167.6252,-37502.5875 226133.648499999,-37492.9411 226102.351299999,-37497.8715 226072.769099999,-37513.5201 226046.4023,-37538.6007 226036.5415,-37556.3929 226033.5404,-37581.6879 226033.326099999,-37598.837 226042.115,-37616.8344 226046.417400001,-37627.8247 226077.818399999,-37618.9278 226124.9199,-37595.9004 226167.3112,-37574.9664 226186.151799999,-37553.5928 226187.052)))","Castro do Calvário

"
"MULTIPOLYGON (((-41927.0318 229794.3627,-41836.027 229785.851399999,-41783.6501 229774.7214,-41758.2045 229757.0328,-41762.6994 229724.308599999,-41792.8161 229694.1919,-41817.0404 229668.658199999,-41860.2513 229656.873400001,-41890.368 229654.2546,-41908.6999 229669.312899999,-41921.1394 229681.0977,-41934.2336 229712.523800001,-41943.3996 229751.806500001,-41942.0902 229777.3402,-41927.0318 229794.3627)))","Cividade de Vitorino das Donas
"
"MULTIPOLYGON (((-40346.8594 230234.02,-40290.9907 230263.8166,-40223.2034 230258.6022,-40197.8763 230234.764900001,-40181.4882 230193.794500001,-40181.4882 230164.742799999,-40189.6822 230143.885199999,-40209.7949 230130.4767,-40249.2755 230132.7115,-40301.4196 230146.119899999,-40335.6857 230165.4877,-40352.8187 230192.3047,-40360.2679 230218.376800001,-40346.8594 230234.02)))","Castro do Eirado
"
"MULTIPOLYGON (((-38705.4954 229862.595799999,-38675.0925 229854.208799999,-38670.899 229821.709100001,-38672.4716 229785.016,-38674.5683 229755.661499999,-38683.4313 229727.9617,-38699.9678 229712.7481,-38734.8499 229718.4441,-38764.7286 229727.3553,-38783.0752 229740.46,-38782.0268 229768.7662,-38771.5431 229807.0319,-38741.6644 229846.345899999,-38705.4954 229862.595799999)))","Castro de S. João do Monte
"
"MULTIPOLYGON (((-35925.0774 231707.2973,-35899.718 231726.893200001,-35897.4126 231752.829,-35898.2278 231774.496,-35886.4241 231792.2015,-35868.0187 231811.616699999,-35835.7431 231804.7005,-35823.6397 231783.375499999,-35830.556 231756.863399999,-35818.4526 231732.6567,-35814.4181 231707.2973,-35805.1965 231685.9723,-35797.1276 231668.1054,-35800.5857 231643.898700001,-35786.7533 231614.504799999,-35771.1919 231587.4164,-35766.5811 231555.140699999,-35766.5811 231524.0178,-35776.379 231483.096899999,-35804.6202 231468.688200001,-35851.8809 231470.417199999,-35899.1417 231487.707699999,-35922.1957 231515.948899999,-35944.097 231548.800899999,-35958.5058 231588.5691,-35963.6929 231628.337300001,-35947.5551 231668.1054,-35925.0774 231707.2973)))","Castro de Santa Maria Madalena
"
"MULTIPOLYGON (((-34448.6059 233091.6219,-34454.5077 233107.1142,-34455.3998 233137.7338,-34452.7539 233155.5933,-34441.2286 233176.829600001,-34417.9901 233190.477600001,-34384.6236 233198.588099999,-34369.6689 233195.2728,-34350.2277 233180.728700001,-34339.5373 233170.6511,-34328.5866 233149.326099999,-34322.8231 233139.528200001,-34326.2812 233124.543099999,-34336.0792 233110.7107,-34374.7575 233097.702400001,-34407.3013 233091.352399999,-34427.9389 233088.9712,-34448.6059 233091.6219)))","Castro de Santa Catarina
"
"MULTIPOLYGON (((-33363.8061 232686.558800001,-33350.4968 232670.378900001,-33329.1027 232637.55,-33326.1029 232609.829500001,-33324.7401 232573.736500001,-33328.7488 232552.944,-33336.48 232542.383,-33371.891 232538.6943,-33390.703 232530.2105,-33431.2781 232522.464299999,-33448.2459 232512.505,-33467.0579 232509.554099999,-33478.8616 232518.775699999,-33494.7228 232542.7519,-33505.051 232560.4573,-33506.8953 232583.695800001,-33509.1085 232598.4504,-33511.3217 232612.4672,-33507.3429 232630.334799999,-33502.0512 232652.162900001,-33492.1293 232671.3453,-33473.6084 232678.621300001,-33449.7959 232680.605699999,-33426.6448 232685.2359,-33384.9728 232691.850500001,-33363.8061 232686.558800001)))","Castro da Ermida 1
"
"MULTIPOLYGON (((-35536.5654 235803.775800001,-35526.9408 235806.308599999,-35474.7654 235785.5397,-35409.9259 235754.133099999,-35389.157 235736.4036,-35383.5849 235717.6609,-35385.1046 235693.346100001,-35384.9622 235670.992,-35389.157 235653.328,-35406.8866 235624.4542,-35436.7735 235580.8902,-35445.385 235569.239399999,-35470.2063 235563.667300001,-35508.7047 235551.0033,-35556.3212 235539.352499999,-35594.313 235543.404899999,-35606.4704 235546.4443,-35616.095 235552.523,-35622.0294 235586.325200001,-35609.0032 235636.1051,-35609.5098 235661.9395,-35602.9245 235688.2805,-35600.3917 235717.6609,-35594.313 235737.9232,-35575.5704 235781.487199999,-35536.5654 235803.775800001)))","Castro de São Simão (2)
"
"MULTIPOLYGON (((-34024.4119 238219.850099999,-33996.4523 238221.929300001,-33963.1147 238221.135500001,-33946.9863 238219.044500001,-33931.7896 238201.3149,-33922.165 238169.908299999,-33923.1781 238139.514799999,-33940.4011 238107.6017,-33963.7028 238061.504899999,-33987.0044 238046.3082,-34000.6815 238055.426200001,-34017.0898 238079.8478,-34037.7273 238094.135299999,-34051.8438 238121.2788,-34055.3898 238146.100099999,-34036.8611 238204.0811,-34024.4119 238219.850099999)))",Castro (Fid 145)
"MULTIPOLYGON (((-39654.8214 235850.500700001,-39625.6437 235847.907099999,-39619.1597 235831.3731,-39620.7807 235807.0583,-39633.7486 235765.561,-39640.5567 235754.2141,-39653.2004 235753.2415,-39662.278 235765.2368,-39671.0313 235778.528899999,-39664.2231 235825.213300001,-39654.8214 235850.500700001)))","Alto dos Carvalhinhos
"
"MULTIPOLYGON (((-40327.4648 237234.355699999,-40323.1672 237218.884400001,-40325.9176 237211.836300001,-40320.4167 237202.897399999,-40315.9472 237197.396500001,-40313.3687 237188.973200001,-40313.7125 237181.9252,-40316.6349 237173.5019,-40325.4019 237160.953,-40332.9657 237151.498299999,-40338.1228 237144.450300001,-40338.6385 237136.714600001,-40343.6237 237133.792300001,-40350.6717 237134.479900001,-40355.3131 237139.637,-40356.0007 237149.6074,-40358.923 237159.921599999,-40359.9545 237175.221,-40362.0173 237188.285599999,-40358.5792 237200.8345,-40343.9537 237213.356,-40344.0637 237228.648499999,-40339.443 237235.6896,-40327.4648 237234.355699999)))","Castro de Antelas
"
"MULTIPOLYGON (((-42687.0084 235689.633300001,-42715.5443 235708.5427,-42732.219 235726.592499999,-42730.1561 235734.156199999,-42729.2966 235745.501800001,-42726.3742 235758.2227,-42719.1543 235768.021199999,-42709.5277 235778.3354,-42696.2912 235787.102399999,-42670.3338 235796.729,-42650.393 235801.1985,-42633.7184 235796.729,-42617.0438 235790.196699999,-42603.6353 235779.8825,-42572.8647 235762.520300001,-42566.5042 235740.172800001,-42566.848 235727.280099999,-42587.9921 235705.620300001,-42619.1066 235699.2599,-42635.9531 235691.352299999,-42654.8625 235689.4614,-42687.0084 235689.633300001)))","Bouça do Castro
"
"MULTIPOLYGON (((-37986.4867 240468.3137,-37956.2317 240475.9538,-37921.3926 240467.0913,-37881.9695 240446.3101,-37861.4939 240415.1383,-37857.521 240383.3553,-37858.1323 240350.961100001,-37861.7995 240333.5416,-37876.4686 240325.9014,-37907.3348 240324.0678,-37955.0093 240332.930400001,-37997.2975 240306.380899999,-38068.3356 240301.5416,-38089.7669 240295.985300001,-38111.9919 240299.1603,-38127.0732 240312.654100001,-38131.0419 240330.910399999,-38121.5169 240371.3917,-38095.3231 240403.9355,-38056.0311 240437.2183,-37986.4867 240468.3137)))","Castro do Bárrio
"
"MULTIPOLYGON (((-38279.5053 240515.052300001,-38290.488 240531.287599999,-38296.6956 240576.1734,-38295.7406 240604.824,-38290.9655 240615.3292,-38279.5053 240615.3292,-38266.6125 240625.8344,-38245.1246 240638.7271,-38215.9966 240648.2773,-38191.1661 240646.3672,-38166.8131 240646.3672,-38137.2076 240650.1873,-38123.3598 240636.8171,-38126.7024 240618.671700001,-38144.3702 240594.3188,-38170.6332 240553.7305,-38200.2388 240523.647399999,-38237.962 240507.889599999,-38266.135 240502.637,-38279.5053 240515.052300001)))","Castro de Baixo
"
"MULTIPOLYGON (((-38080.8615 240993.038699999,-38062.7162 241008.796499999,-38032.6331 241017.869200001,-38006.8476 241012.1391,-37994.4324 240999.7239,-37989.1798 240983.488600001,-37973.8995 240972.0283,-37948.5916 240953.4055,-37923.7611 240919.5024,-37904.1832 240900.402,-37896.5431 240868.886399999,-37900.3632 240845.011,-37914.2109 240817.793,-37929.4912 240804.422700001,-37939.5189 240789.1424,-37950.9791 240772.907099999,-37969.1244 240755.2393,-37997.775 240727.066299999,-38020.2179 240722.7687,-38045.5259 240722.7687,-38062.7162 240728.4988,-38099.4844 240771.952099999,-38126.2249 240814.9279,-38134.3425 240845.966,-38136.7301 240877.959100001,-38132.4325 240906.132099999,-38110.4671 240957.2256,-38080.8615 240993.038699999)))","Castro de Cima
"
"MULTIPOLYGON (((-43017.0422 243936.1205,-43025.7734 243954.376800001,-43027.361 243975.0143,-43024.1859 243991.6831,-43017.0422 244019.464400001,-43009.8984 244040.102,-42993.2296 244058.358200001,-42965.4483 244056.7707,-42949.5733 244045.658199999,-42924.967 244026.608200001,-42920.9982 243998.8269,-42921.792 243961.5206,-42933.6983 243911.5142,-42947.9858 243885.3204,-42973.3858 243875.001599999,-42989.2609 243891.670399999,-43008.3109 243916.276699999,-43017.0422 243936.1205)))","Castro da Bustarenga
"
"MULTIPOLYGON (((-41594.6173 244860.752900001,-41567.6319 244861.816299999,-41543.279 244856.086200001,-41524.1786 244835.553300001,-41516.5385 244811.6778,-41505.0782 244774.909600001,-41508.8983 244737.664,-41515.1059 244711.8785,-41523.7011 244682.750399999,-41530.3862 244665.082599999,-41538.9814 244645.9822,-41552.8291 244633.089500001,-41564.9839 244625.8024,-41578.6146 244614.9442,-41599.909 244618.394099999,-41611.5627 244631.657,-41631.1406 244651.712300001,-41654.449 244680.0644,-41660.4179 244706.9243,-41664.4674 244736.9277,-41661.164 244776.3123,-41643.2574 244824.063200001,-41622.134 244845.9362,-41594.6173 244860.752900001)))","Cividade de Romarigaes
"
"MULTIPOLYGON (((-37693.0033 246970.1775,-37661.0363 246976.6635,-37618.028 246985.389900001,-37608.2486 246976.6971,-37595.2095 246963.6579,-37587.06 246953.8785,-37571.8476 246933.7764,-37566.9579 246916.9342,-37562.0682 246897.375399999,-37553.9187 246858.2579,-37557.1785 246822.943399999,-37570.2177 246813.164,-37597.926 246801.2115,-37626.7208 246791.4321,-37654.9724 246792.5187,-37685.3971 246805.014599999,-37709.3023 246834.896,-37716.3652 246868.580600001,-37721.7981 246902.2651,-37709.8456 246924.5404,-37704.4126 246943.5558,-37693.0033 246970.1775)))",Castro (Fid 103)
"MULTIPOLYGON (((-37885.023 247351.3565,-37873.7782 247371.8618,-37861.872 247376.492,-37845.9969 247375.1691,-37826.1531 247359.294,-37810.3055 247337.751,-37808.9703 247322.6186,-37812.1705 247306.579399999,-37824.9928 247293.021400001,-37834.3393 247284.342599999,-37849.2122 247275.490800001,-37873.0604 247266.7623,-37892.8661 247272.1031,-37901.7675 247283.675,-37900.6548 247299.92,-37899.4832 247309.886700001,-37896.1759 247318.4856,-37894.8529 247327.0846,-37890.6991 247335.04,-37888.6027 247340.691299999,-37885.023 247351.3565)))",Castro (Fid 216)
"MULTIPOLYGON (((-42055.9118 246953.066099999,-42065.8181 246962.7183,-42078.2644 246956.622199999,-42097.0609 246957.6382,-42108.4912 246965.512399999,-42109.5073 246979.228800001,-42106.9672 247002.3434,-42108.2372 247025.204,-42099.601 247048.0646,-42087.9167 247071.179199999,-42066.3261 247082.6095,-42037.6233 247086.9277,-42012.2226 247083.3716,-41985.8059 247080.3235,-41960.7386 247062.1302,-41917.9861 247009.2016,-41908.0798 246985.5789,-41905.2858 246960.4323,-41925.8603 246943.921800001,-41945.4188 246938.333699999,-41954.3091 246930.967499999,-41981.2338 246928.4274,-42001.8084 246926.9034,-42015.0167 246927.6654,-42026.447 246930.4594,-42028.7331 246939.603700001,-42030.564 246953.752900001,-42035.662 246950.7357,-42042.1125 246948.238700001,-42050.852 246949.175100001,-42055.9118 246953.066099999)))",Castro (Fid 95)
"MULTIPOLYGON (((-41981.1255 249543.809900001,-42002.4426 249591.288899999,-41997.5978 249639.7369,-41985.0014 249715.3157,-41958.955 249768.1567,-41928.7924 249783.502599999,-41907.6257 249791.9693,-41924.0299 249819.486,-41931.4383 249839.5944,-41893.3382 249917.382,-41881.6965 249939.607100001,-41873.759 249954.423800001,-41863.1756 249960.773800001,-41843.5964 249951.2487,-41814.5895 249926.055199999,-41764.8477 249860.4384,-41716.4059 249780.0034,-41700.0151 249753.972899999,-41697.237 249723.8104,-41712.7152 249683.3291,-41734.9402 249661.5009,-41762.2958 249634.892100001,-41797.0233 249608.8464,-41833.9098 249589.403,-41879.6311 249578.988700001,-41900.4596 249559.6842,-41940.0847 249543.4278,-41960.4052 249538.093599999,-41981.1255 249543.809900001)))","Cividade de Cossourado
"
"MULTIPOLYGON (((-38761.0712 249663.244,-38729.9826 249650.6763,-38699.7209 249640.9153,-38671.9856 249639.281,-38671.4718 249611.536699999,-38673.5269 249575.571900001,-38679.8716 249545.3561,-38713.1499 249513.4246,-38724.3299 249512.109300001,-38736.9698 249517.594,-38746.8607 249519.9089,-38761.3815 249516.7523,-38773.9819 249522.6316,-38785.8195 249527.235099999,-38803.247 249533.8115,-38851.255 249537.7574,-38867.6961 249533.153899999,-38897.9477 249537.4286,-38904.8529 249548.2797,-38886.7677 249578.202400001,-38845.0074 249612.399900001,-38822.9763 249636.7327,-38811.1388 249653.502599999,-38787.5296 249663.9055,-38761.0712 249663.244)))",Castro (Fid 140)
"MULTIPOLYGON (((-33517.7075 248669.2574,-33498.1837 248646.1371,-33498.1837 248627.1271,-33501.7802 248600.410399999,-33511.0283 248586.5382,-33531.0658 248570.097200001,-33560.8653 248563.418,-33606.5921 248560.849,-33642.5569 248561.876599999,-33682.632 248567.528200001,-33712.4315 248568.5558,-33739.662 248580.886600001,-33760.2134 248588.5934,-33779.3705 248609.0725,-33789.9539 248646.1142,-33783.3393 248680.5101,-33775.4018 248704.3226,-33759.5267 248728.135199999,-33730.4225 248749.301899999,-33698.6724 248746.656099999,-33651.5995 248723.5952,-33572.3535 248697.9471,-33517.7075 248669.2574)))",Castro de Cristelo
"MULTIPOLYGON (((-35662.9519 250449.597200001,-35641.7851 250452.243,-35616.6497 250448.935699999,-35579.8961 250437.245300001,-35562.8039 250410.623400001,-35568.611 250392.947,-35582.3415 250376.0781,-35602.3487 250359.993899999,-35606.7278 250345.748,-35617.3111 250331.195900001,-35642.4466 250310.029200001,-35653.6914 250306.0604,-35681.3253 250326.8059,-35704.6238 250341.117799999,-35703.3009 250377.4981,-35701.3165 250399.326199999,-35698.6707 250420.493,-35688.0873 250431.7378,-35662.9519 250449.597200001)))",Castro (Fid 6)
"MULTIPOLYGON (((-32112.3857 252940.074200001,-32104.3493 252944.9144,-32097.1942 252954.805400001,-32080.569 252951.648700001,-32068.5735 252934.813,-32059.5244 252922.1863,-32036.7962 252891.0403,-32028.3784 252873.5733,-32012.1741 252847.8989,-32012.7528 252819.725500001,-32011.1087 252796.0503,-32025.9057 252778.294,-32037.4144 252771.059900001,-32038.4009 252759.2223,-32043.3332 252750.0153,-32061.0896 252751.330600001,-32091.67 252764.4835,-32089.3682 252781.5822,-32094.3005 252793.0909,-32099.7195 252803.4948,-32104.494 252813.806700001,-32114.3587 252828.274800001,-32128.1692 252857.211100001,-32129.1556 252871.679300001,-32135.0744 252893.0527,-32133.1015 252911.466700001,-32124.2233 252929.223099999,-32112.3857 252940.074200001)))",Castro (Fid 102)
"MULTIPOLYGON (((-35436.3803 252558.5145,-35364.2811 252583.649900001,-35247.8642 252572.405099999,-35160.5516 252532.717599999,-35128.8015 252507.5821,-35090.4369 252457.3112,-35092.4212 252414.977700001,-35106.3119 252368.6756,-35138.0619 252358.753699999,-35180.3954 252354.7849,-35212.1454 252359.415100001,-35253.1559 252360.738,-35279.6143 252350.816099999,-35322.6092 252346.185900001,-35349.9629 252341.618899999,-35374.2957 252338.988299999,-35395.9979 252338.330700001,-35429.5377 252346.551200001,-35454.5282 252357.7312,-35472.6134 252380.091,-35486.6512 252389.1808,-35507.1564 252418.9465,-35526.3388 252467.8945,-35519.7242 252510.8894,-35482.6824 252536.6863,-35436.3803 252558.5145)))",Gisteira
"MULTIPOLYGON (((-38615.2709 251763.767899999,-38595.69 251760.7882,-38558.2308 251769.727299999,-38533.9675 251771.855599999,-38518.2176 251762.490800001,-38512.2582 251744.186899999,-38510.9812 251731.842399999,-38511.8326 251719.923599999,-38524.1771 251703.3224,-38539.9269 251691.4036,-38554.8254 251683.3158,-38566.7443 251680.336100001,-38588.0279 251676.505100001,-38602.075 251670.545700001,-38613.1425 251668.843,-38624.21 251671.397,-38635.2775 251674.8024,-38651.0273 251682.8902,-38662.5205 251690.126599999,-38670.6083 251698.64,-38673.588 251704.173800001,-38677.419 251712.261499999,-38674.0136 251723.329,-38659.9665 251739.930199999,-38631.8558 251754.922599999,-38615.2709 251763.767899999)))",Castro (Fid 203)
"MULTIPOLYGON (((-37783.7998 254399.718900001,-37794.3387 254398.479,-37811.6967 254400.958699999,-37833.0843 254415.837099999,-37849.5124 254443.733899999,-37853.8519 254459.542099999,-37855.0918 254482.169600001,-37853.8519 254495.808,-37839.5935 254512.236199999,-37830.6046 254520.6052,-37825.6451 254534.2437,-37816.9661 254546.3323,-37801.1579 254551.6017,-37791.8589 254542.6127,-37786.2796 254533.003799999,-37776.3607 254528.044399999,-37773.261 254516.265699999,-37775.2767 254509.2162,-37772.6309 254501.8079,-37765.8412 254493.3477,-37756.1548 254477.849400001,-37751.796 254464.2885,-37753.0516 254450.478599999,-37757.8142 254431.4286,-37771.6864 254408.931,-37783.7998 254399.718900001)))",Castro (Fid 190)
"MULTIPOLYGON (((-40783.0209 254065.886600001,-40785.2402 254091.923699999,-40781.8678 254117.316,-40775.123 254130.6073,-40768.7749 254136.955399999,-40761.0382 254141.518100001,-40755.0868 254140.5262,-40748.342 254140.5262,-40735.732 254136.0317,-40718.2695 254124.919199999,-40703.1882 254112.2191,-40688.1069 254094.7566,-40673.8194 254069.3566,-40669.8837 254054.7279,-40668.0239 254045.119,-40667.094 254040.7795,-40670.1936 254031.7905,-40675.773 254024.351299999,-40691.5812 254017.532099999,-40706.1496 254016.9121,-40721.3379 254017.532099999,-40742.1055 254020.6317,-40761.3233 254037.6798,-40783.0209 254065.886600001)))",Castro (Fid 187)
"MULTIPOLYGON (((-43595.953 253905.014799999,-43596.2629 253949.649700001,-43592.681 253986.382,-43584.7435 253996.3039,-43567.5455 254000.9341,-43545.0559 254005.564300001,-43515.2902 254005.564300001,-43487.5089 254001.5955,-43477.587 253993.658,-43472.2953 253985.059,-43471.6339 253970.506899999,-43470.9724 253959.923599999,-43470.3109 253942.7256,-43472.9568 253911.637,-43478.2485 253891.1318,-43488.8318 253867.3192,-43504.7068 253852.767100001,-43522.5663 253848.1369,-43546.3788 253854.751499999,-43572.8372 253863.350500001,-43590.0351 253883.855699999,-43595.953 253905.014799999)))",Castro (Fid 89)
"MULTIPOLYGON (((-41081.2416 256623.442,-41072.4248 256595.338500001,-41050.3829 256547.397299999,-41035.7691 256531.306600001,-41032.595 256509.7937,-41039.6485 256469.9419,-41045.9965 256445.254899999,-41059.3981 256430.4427,-41101.3659 256409.282400001,-41141.5705 256405.7557,-41157.4407 256407.519,-41164.1414 256431.148,-41162.7307 256456.893,-41161.32 256506.6197,-41162.0254 256536.5967,-41160.9674 256561.636399999,-41151.4452 256586.3234,-41143.6865 256601.8409,-41129.227 256615.947699999,-41081.2416 256623.442)))",Castro (Fid 93)
"MULTIPOLYGON (((-38126.2312 257125.205,-38114.5931 257139.6646,-38094.4908 257150.2447,-38079.6786 257153.066099999,-38061.7946 257153.0175,-38044.5966 257150.3717,-38016.8153 257137.1425,-38002.9246 257123.2519,-37993.0028 257106.715399999,-37990.3569 257090.840299999,-37994.9871 257076.2882,-38004.909 257057.7673,-38011.5236 257040.569399999,-38022.5459 257020.109,-38039.8268 257011.6449,-38066.2771 256998.2434,-38098.3702 257005.296800001,-38112.0655 257025.355799999,-38129.9249 257072.319499999,-38134.3427 257105.8081,-38126.2312 257125.205)))",Castro (Fid 177)
"MULTIPOLYGON (((-39500.9565 258438.3947,-39495.3904 258465.9735,-39488.3888 258476.759299999,-39471.7614 258489.2498,-39457.3002 258495.280200001,-39445.394 258493.9573,-39434.1491 258489.988500001,-39423.5657 258480.7281,-39416.2897 258468.821799999,-39412.1599 258456.0987,-39410.9981 258439.717499999,-39417.0973 258425.7689,-39426.2668 258417.657500001,-39443.5477 258410.251399999,-39466.1186 258404.256,-39485.1629 258407.077400001,-39498.9721 258423.1811,-39500.9565 258438.3947)))",Castro (Fid 7)
"MULTIPOLYGON (((-41112.4322 260569.7543,-41125.0089 260589.1768,-41124.6391 260603.968900001,-41119.8317 260616.1724,-41112.4357 260628.7457,-41101.8488 260637.4878,-41076.4488 260651.246099999,-41056.3404 260652.304500001,-41031.9987 260650.187799999,-41015.0653 260660.771199999,-40978.0236 260682.996200001,-40958.9735 260686.1712,-40934.6318 260684.054500001,-40912.4068 260674.5295,-40897.5901 260656.537799999,-40895.4734 260645.954500001,-40900.7651 260627.9628,-40907.565 260606.9274,-40924.5759 260583.629799999,-40936.7794 260570.3169,-40953.0507 260559.962400001,-40970.0616 260546.649499999,-40991.88 260544.060900001,-41014.0682 260543.3213,-41058.0747 260544.4307,-41085.9738 260554.9376,-41112.4322 260569.7543)))",Valagota
"MULTIPOLYGON (((-43988.8787 259940.824100001,-43971.3649 259955.7345,-43952.6676 259981.7686,-43929.947 259993.602299999,-43913.6165 259994.0757,-43900.3667 259985.539899999,-43896.576 259971.355,-43893.2625 259956.6812,-43892.7892 259940.824100001,-43890.8958 259925.677,-43894.6826 259910.293199999,-43900.5994 259900.589600001,-43913.8532 259893.489399999,-43931.6037 259890.412599999,-43946.0408 259888.282500001,-43959.0578 259892.5427,-43972.0749 259900.826199999,-43982.0152 259908.873199999,-43993.2356 259918.864800001,-43988.8787 259940.824100001)))",Castro (Fid 192)
"MULTIPOLYGON (((-39805.1982 261068.3375,-39788.4902 261083.2358,-39783.7401 261090.409499999,-39778.5576 261091.368799999,-39763.3957 261090.999,-39746.3848 261089.889599999,-39733.8115 261079.904899999,-39716.8006 261063.263800001,-39705.3367 261038.1172,-39696.8017 261006.802300001,-39717.91 260971.922499999,-39735.6605 260953.432399999,-39751.9318 260947.1458,-39784.4745 260954.5418,-39815.1681 260965.6359,-39828.1112 260986.344799999,-39835.1374 261007.793400001,-39834.7676 261031.830600001,-39831.2323 261053.190400001,-39805.1982 261068.3375)))",Cristelos
"MULTIPOLYGON (((-39149.6144 260791.531,-39154.826 260806.9175,-39154.3297 260829.501,-39130.009 260852.332699999,-39102.7102 260870.6973,-39078.8859 260874.916200001,-39053.3012 260867.264799999,-39049.3481 260855.688,-39042.4978 260841.043199999,-39040.5949 260832.5342,-39038.529 260825.565,-39032.6887 260817.569,-39030.4298 260814.463,-39035.23 260802.603800001,-39032.4064 260787.9209,-39042.289 260770.696799999,-39054.4306 260754.884500001,-39057.819 260746.9783,-39066.0075 260740.7663,-39072.7842 260735.4014,-39084.0787 260734.8367,-39102.1499 260754.6021,-39107.7222 260761.0562,-39129.9281 260780.949,-39149.6144 260791.531)))",Castro (Fid 130)
"MULTIPOLYGON (((-37724.5024 260545.089,-37732.237 260563.6559,-37731.5343 260574.040899999,-37727.8334 260581.327199999,-37723.3228 260590.117,-37717.0774 260593.818,-37711.5137 260594.7848,-37698.2426 260587.161,-37679.8891 260569.6545,-37675.4475 260556.472200001,-37686.101 260541.983,-37696.8308 260535.2063,-37719.4198 260538.029899999,-37724.5024 260545.089)))",Castro (Fid 133)
"MULTIPOLYGON (((-41766.2949 265161.507200001,-41741.1469 265193.273,-41715.999 265202.9792,-41689.9687 265204.744,-41671.4386 265205.626399999,-41659.0853 265195.479,-41639.6728 265172.095799999,-41637.0257 265141.212400001,-41667.4679 265086.945800001,-41690.8511 265069.7393,-41715.1166 265070.180500001,-41737.6174 265084.298599999,-41764.5301 265120.476399999,-41777.7658 265147.8303,-41766.2949 265161.507200001)))",Castro de Arrayal
"MULTIPOLYGON (((-38417.4204 263570.6052,-38402.4552 263574.840700001,-38397.655 263567.7816,-38396.4386 263552.465500001,-38400.4073 263523.4936,-38404.3761 263503.649800001,-38411.123 263479.837300001,-38417.1381 263458.2249,-38431.8209 263441.5655,-38450.1745 263435.0711,-38475.5871 263434.224,-38499.3056 263439.5889,-38514.2708 263447.2127,-38523.8711 263465.001599999,-38522.177 263490.1318,-38519.6357 263511.591399999,-38497.6114 263535.5922,-38452.4334 263559.5931,-38417.4204 263570.6052)))","Castro do Verdoejo
"
"MULTIPOLYGON (((-37549.6379 264702.391100001,-37522.1212 264719.3245,-37477.6711 264712.974400001,-37440.6294 264685.457699999,-37427.9293 264658.999299999,-37427.7392 264629.7477,-37446.0928 264591.3463,-37460.4933 264575.251700001,-37476.0232 264568.757300001,-37488.1648 264567.063100001,-37499.7417 264566.7808,-37518.3776 264569.322,-37536.4488 264571.863299999,-37548.5904 264573.557499999,-37554.52 264575.251700001,-37564.4546 264596.557499999,-37564.4546 264629.365900001,-37562.4262 264666.1724,-37559.1629 264684.3994,-37549.6379 264702.391100001)))","Adro Velho
"
"MULTIPOLYGON (((-35402.1046 264504.1316,-35412.252 264523.1028,-35438.2823 264544.7212,-35447.9885 264562.8101,-35452.6168 264594.5996,-35448.8709 264625.9005,-35422.8406 264653.695499999,-35393.503 264657.443399999,-35363.9457 264655.676,-35333.7224 264646.1927,-35307.0957 264642.8862,-35291.8066 264638.695,-35275.9237 264628.1064,-35266.7466 264609.813200001,-35259.5996 264592.811100001,-35256.8247 264576.0788,-35254.7465 264558.839299999,-35244.257 264530.438,-35238.9653 264512.578600001,-35237.6424 264498.688,-35240.9497 264484.7973,-35245.5799 264474.214,-35274.8253 264477.4299,-35329.9425 264482.4899,-35393.5532 264485.9234,-35402.1046 264504.1316)))","Castro da Insúa
"
"MULTIPOLYGON (((-33239.4647 264072.936,-33233.9831 264080.9178,-33201.6119 264095.2611,-33189.3472 264107.6327,-33173.2839 264112.1304,-33151.7591 264105.0626,-33128.9492 264095.7459,-33118.3474 264076.469900001,-33111.2796 264049.8048,-33114.4922 264029.565099999,-33120.275 264008.361500001,-33132.1619 263985.2303,-33145.0125 263982.339,-33170.0713 263982.6602,-33195.4513 263990.0493,-33216.6548 264000.6511,-33235.6095 264019.284499999,-33247.8176 264039.5243,-33244.9262 264057.5152,-33239.4647 264072.936)))",Castro (Fid 223)
"MULTIPOLYGON (((-30588.4291 262487.989499999,-30578.4022 262487.927200001,-30565.5621 262472.7874,-30561.0585 262446.724,-30560.7711 262425.1642,-30567.4569 262400.399499999,-30578.7655 262386.8292,-30593.775 262387.651699999,-30617.3056 262385.410399999,-30639.4643 262385.8595,-30654.4777 262389.6941,-30666.7666 262405.1285,-30668.6171 262415.4091,-30664.2993 262423.222200001,-30662.6544 262440.0823,-30657.9254 262455.503,-30646.8224 262470.101399999,-30634.6914 262479.7651,-30618.6831 262481.405300001,-30597.7701 262479.1416,-30588.4291 262487.989499999)))",Castro (Fid 188)
"MULTIPOLYGON (((-32426.4476 267156.8039,-32391.5843 267175.8225,-32353.3417 267187.0743,-32317.3599 267161.373,-32288.2318 267122.535599999,-32283.0915 267097.976600001,-32273.3822 267085.9826,-32274.5245 267071.7041,-32300.7969 267058.5679,-32311.0774 267047.145099999,-32316.2176 267037.435799999,-32333.923 267031.724400001,-32355.6263 267031.724400001,-32371.6182 267031.153200001,-32374.2793 267044.5721,-32389.8502 267042.625700001,-32406.7687 267041.278200001,-32424.286 267038.8827,-32437.7609 267041.727399999,-32447.0436 267045.620100001,-32440.7261 267123.6778,-32426.4476 267156.8039)))","Subidade de Cortes
"
"MULTIPOLYGON (((-54488.7176 216484.2006,-54457.7996 216521.755,-54421.3615 216526.4067,-54390.3504 216522.530300001,-54355.463 216515.5528,-54314.3733 216494.620300001,-54270.1825 216467.4856,-54253.9017 216421.744200001,-54209.7108 216369.8007,-54129.8573 216279.0932,-54115.127 216256.610200001,-54114.3517 216172.105,-54110.4754 216127.9142,-54121.3292 216085.2739,-54144.3705 216065.923,-54166.2023 216048.0606,-54201.6261 216031.1032,-54248.0716 216040.1218,-54297.1931 216059.4727,-54341.3529 216078.8236,-54392.4592 216105.6172,-54421.7337 216146.799900001,-54436.619 216173.593499999,-54453.9852 216205.3488,-54442.5731 216233.631,-54452.4967 216280.271600001,-54456.4661 216322.446699999,-54468.3743 216358.171499999,-54489.71 216392.903899999,-54496.6565 216415.231899999,-54506.0838 216439.0484,-54503.1068 216455.4223,-54488.7176 216484.2006)))",Castro de Moldes
"MULTIPOLYGON (((-55186.3431 218344.3698,-55189.8941 218355.1118,-55184.8546 218373.1481,-55170.9616 218394.979900001,-55153.0992 218415.8193,-55141.191 218419.788699999,-55115.3897 218428.2238,-55100.5044 218426.735200001,-55089.0923 218412.8423,-55080.6573 218397.956900001,-55075.1994 218370.171,-55080.1611 218345.8583,-55089.3984 218324.3731,-55112.4172 218314.848099999,-55136.2297 218314.054300001,-55160.0423 218320.404300001,-55178.4043 218332.957699999,-55186.3431 218344.3698)))",Castro (Fid 175)
"MULTIPOLYGON (((-51586.5758 222975.1938,-51560.7746 222975.69,-51529.5154 222971.7206,-51517.111 222959.316099999,-51518.1033 222946.4155,-51520.088 222925.576099999,-51527.0345 222894.813100001,-51531.9963 222868.0195,-51539.9351 222856.111199999,-51546.3854 222844.203,-51563.2555 222842.2182,-51577.1484 222849.6609,-51584.5911 222858.5921,-51602.9496 222862.5615,-51607.4152 222884.393300001,-51605.8411 222899.5002,-51590.191 222919.978399999,-51594.883 222928.2896,-51591.0235 222938.6252,-51584.6136 222946.367,-51586.5758 222975.1938)))",Castro de Sabariz
"MULTIPOLYGON (((-46799.8443 222302.7105,-46792.7005 222328.1105,-46774.4442 222351.9231,-46743.4879 222355.098099999,-46729.2004 222354.304300001,-46714.9129 222347.954299999,-46703.8004 222326.523,-46699.0378 222309.0605,-46699.8316 222290.010500001,-46705.7792 222274.7908,-46723.8797 222258.5956,-46732.3754 222251.116599999,-46746.6629 222245.5604,-46764.9192 222239.2104,-46791.9068 222244.7666,-46800.638 222273.341700001,-46799.8443 222302.7105)))",Castro (Fid 98)
"MULTIPOLYGON (((-49490.9179 223221.243799999,-49445.286 223265.3036,-49404.2755 223308.96,-49315.64 223310.2829,-49214.6924 223283.950200001,-49213.8986 223241.8813,-49238.6642 223220.8016,-49241.6412 223198.4736,-49244.6183 223189.5425,-49232.2139 223156.298599999,-49243.1298 223141.909399999,-49251.5648 223128.0165,-49238.5049 223096.6248,-49251.205 223060.906,-49275.0175 223037.0934,-49311.5301 222926.762,-49332.1676 222898.186899999,-49343.2801 222861.6743,-49345.6614 222808.493,-49369.474 222752.930400001,-49421.8616 222696.574,-49440.1178 222688.636499999,-49470.0158 222700.675,-49612.2296 222730.4407,-49646.6255 222789.3106,-49665.1464 222875.9619,-49631.412 222906.389,-49586.8384 222951.7717,-49548.7295 223006.269400001,-49551.1196 223073.4803,-49527.307 223115.8137,-49547.2743 223152.9812,-49555.2118 223188.7,-49525.0493 223207.75,-49490.9179 223221.243799999)))",Castro de Roques
"MULTIPOLYGON (((-49861.5882 223486.8903,-49843.8842 223493.755100001,-49829.7933 223491.2259,-49805.5858 223498.090700001,-49777.404 223482.193299999,-49772.707 223467.0185,-49779.5718 223454.3728,-49816.0637 223440.643200001,-49846.7746 223432.694399999,-49865.9238 223439.197899999,-49881.0987 223443.1723,-49888.6861 223443.8949,-49890.8539 223450.0371,-49885.073 223467.379799999,-49869.5326 223477.364600001,-49861.5882 223486.8903)))",Castro (Fid 97)
"MULTIPOLYGON (((-54947.3227 223398.731699999,-54907.2178 223399.093,-54880.1199 223404.1513,-54861.6934 223385.7247,-54848.6864 223366.214299999,-54842.9055 223353.9299,-54853.7446 223332.6129,-54858.0803 223323.5802,-54861.4967 223312.4978,-54876.1022 223302.219799999,-54895.3787 223302.8554,-54912.9075 223315.4673,-54935.9922 223307.307,-54963.278 223311.7005,-54988.9451 223324.880899999,-54996.8071 223349.8544,-54980.1582 223377.602600001,-54947.3227 223398.731699999)))",Monte Arculo
"MULTIPOLYGON (((-55152.5442 223422.939200001,-55137.3694 223404.512599999,-55140.9824 223365.1303,-55149.6538 223345.619899999,-55150.3764 223308.7667,-55177.113 223292.1467,-55194.8169 223287.088400001,-55208.9078 223288.8949,-55220.1083 223296.843599999,-55236.367 223312.379799999,-55243.2318 223327.193299999,-55252.9871 223343.813300001,-55241.7866 223355.013800001,-55225.5279 223365.1303,-55152.5442 223422.939200001)))",Alto do Galeão
"MULTIPOLYGON (((-44363.2428 224785.0605,-44328.5575 224777.8344,-44300.3757 224759.046499999,-44286.2848 224739.174699999,-44280.8652 224713.160700001,-44278.3361 224695.0955,-44280.781 224681.2786,-44292.6873 224655.878599999,-44319.1636 224627.531400001,-44340.8419 224606.936899999,-44363.2428 224591.400800001,-44381.5875 224593.1722,-44410.2125 224609.104800001,-44427.1939 224621.750499999,-44440.2009 224638.3705,-44445.2592 224660.4101,-44441.2848 224685.3402,-44434.6176 224690.113500001,-44435.3753 224711.045299999,-44425.3874 224729.7808,-44407.1209 224752.1216,-44400.3133 224773.7282,-44384.7625 224782.085100001,-44363.2428 224785.0605)))",Castro (Fid 11)
"MULTIPOLYGON (((-44771.696 230144.4582,-44789.0109 230153.115599999,-44806.3258 230168.0997,-44819.9779 230192.7401,-44824.6396 230218.3795,-44823.4658 230241.8982,-44820.802 230262.5429,-44813.9408 230279.204500001,-44796.4783 230286.348300001,-44784.572 230288.729499999,-44768.697 230291.1108,-44754.4095 230295.873299999,-44744.8844 230300.6358,-44736.1532 230308.5733,-44728.2157 230317.3046,-44699.6406 230311.748299999,-44682.1781 230294.285800001,-44667.0968 230275.2357,-44653.603 230256.979499999,-44640.1092 230237.929400001,-44617.0904 230209.3544,-44616.2967 230180.779300001,-44629.7905 230165.698,-44648.0467 230156.173,-44665.5093 230155.3793,-44682.9718 230156.966800001,-44700.4344 230162.523,-44722.6594 230156.173,-44771.696 230144.4582)))","Cividade de Lanheses
"
"MULTIPOLYGON (((-46981.7819 229443.891100001,-46970.3283 229451.6231,-46954.0981 229457.4878,-46933.673 229459.330600001,-46914.6229 229459.8597,-46892.927 229450.8639,-46859.0603 229445.043,-46829.8602 229443.891100001,-46815.6686 229434.9888,-46804.556 229419.1138,-46782.5148 229387.180600001,-46760.1427 229351.281300001,-46753.8994 229309.138599999,-46748.1763 229263.874299999,-46746.6155 229243.5834,-46773.67 229240.982,-46783.0351 229234.2184,-46799.684 229205.603,-46801.2448 229191.0351,-46806.4476 229175.4267,-46827.7791 229165.5414,-46846.5092 229151.493899999,-46863.1581 229145.7708,-46873.5637 229166.061699999,-46892.8141 229183.7512,-46914.6229 229196.863399999,-46931.5563 229223.8509,-46947.4313 229270.4177,-46965.9522 229293.1719,-46980.2397 229319.1011,-46982.8856 229348.2053,-46987.505 229402.2687,-46991.6672 229432.9652,-46981.7819 229443.891100001)))","Cividade de Vila Mou
"
"MULTIPOLYGON (((-45643.1346 231670.7958,-45638.2673 231681.1698,-45617.5959 231699.9232,-45605.8751 231706.316400001,-45599.0557 231700.5625,-45584.3513 231701.8411,-45573.0566 231692.8906,-45566.4503 231680.5305,-45549.1887 231668.383400001,-45539.812 231659.859099999,-45545.3528 231653.4659,-45553.4508 231647.4989,-45566.4503 231640.2533,-45573.9091 231634.0732,-45580.9416 231631.0897,-45589.4659 231630.4504,-45598.4163 231630.4504,-45608.0061 231631.3028,-45628.2513 231647.285800001,-45643.1346 231670.7958)))",Castro (Fid 147)
"MULTIPOLYGON (((-48478.1256 231286.283299999,-48494.2352 231297.127599999,-48509.6057 231305.002599999,-48513.2882 231316.322799999,-48537.9745 231332.4166,-48553.7955 231350.829,-48556.9325 231369.377800001,-48549.7039 231383.2894,-48532.7917 231394.064099999,-48523.5173 231402.520099999,-48510.5605 231404.975099999,-48493.3755 231405.384299999,-48486.6925 231403.7476,-48472.3718 231398.1557,-48464.5976 231389.0177,-48458.4602 231377.561100001,-48453.6866 231366.240900001,-48449.7313 231357.7848,-48449.3562 231341.4779,-48445.7334 231334.2323,-48445.5036 231321.785599999,-48452.4463 231313.8806,-48463.7676 231288.907099999,-48478.1256 231286.283299999)))",Castro (Fid 91)
"MULTIPOLYGON (((-51193.9668 227613.5469,-51161.99 227598.9,-51130.2371 227572.901,-51104.4787 227541.748299999,-51087.4027 227487.019,-51067.5388 227469.9497,-51056.6129 227445.4966,-51058.6941 227414.800100001,-51082.1067 227393.9889,-51137.2563 227376.819599999,-51227.785 227365.8938,-51276.171 227401.2728,-51325.0773 227450.179099999,-51329.2395 227472.551100001,-51297.5025 227558.397299999,-51239.2311 227594.8169,-51193.9668 227613.5469)))",Castro do Monte
"MULTIPOLYGON (((-55163.6389 228946.7326,-55150.3197 228953.392200001,-55096.3771 228962.0496,-55069.7388 228960.0517,-55069.7388 228945.400699999,-55076.0654 228922.758099999,-55087.7197 228919.0953,-55088.0526 228899.4495,-55118.6867 228877.8059,-55120.0186 228867.150599999,-55145.991 228838.5144,-55169.6325 228836.5165,-55187.6134 228848.8367,-55184.9495 228861.4899,-55177.957 228884.1325,-55182.2857 228908.773,-55169.9655 228927.0868,-55163.6389 228946.7326)))","Castro do Vieito (Fid 132)
"
"MULTIPOLYGON (((-56545.5019 229606.031099999,-56545.5019 229582.056600001,-56549.8306 229558.415100001,-56566.1466 229548.7587,-56584.4604 229529.778899999,-56598.4456 229520.122500001,-56611.7647 229526.1161,-56611.7647 229541.100199999,-56613.7626 229548.4257,-56628.4137 229551.422499999,-56636.7382 229563.0768,-56638.736 229582.056600001,-56630.7445 229598.3726,-56621.0881 229612.3577,-56628.4137 229622.68,-56632.0764 229633.668299999,-56633.7413 229648.6524,-56624.4179 229660.306700001,-56608.4349 229669.963,-56591.12 229674.2918,-56555.8242 229677.2886,-56534.1806 229674.957699999,-56513.8689 229667.9652,-56487.2306 229656.6439,-56475.9093 229646.987500001,-56479.905 229637.664100001,-56510.8721 229627.341700001,-56529.8519 229611.6917,-56545.5019 229606.031099999)))","Castro de Miradoiros do Galo
"
"MULTIPOLYGON (((-59579.0304 228559.2936,-59581.7604 228581.133099999,-59594.946 228624.921499999,-59605.429 228652.002499999,-59607.6129 228689.129799999,-59577.9111 228707.0383,-59519.3811 228728.877800001,-59466.0925 228745.912699999,-59446.0001 228744.1655,-59421.103 228734.992900001,-59409.7464 228727.567500001,-59410.1832 228717.521199999,-59426.3445 228708.785399999,-59431.586 228693.4977,-59441.1954 228669.911,-59442.069 228654.623299999,-59445.1265 228636.278,-59455.1727 228613.5649,-59458.6671 228601.3347,-59482.6906 228586.047,-59511.082 228585.610200001,-59557.8187 228561.5867,-59579.0304 228559.2936)))","Castro de Areosa
"
"MULTIPOLYGON (((-51714.9844 229448.972100001,-51702.0009 229447.7314,-51688.1479 229443.381200001,-51679.2025 229433.597100001,-51672.4933 229423.253900001,-51669.6979 229409.2765,-51665.7842 229394.7401,-51667.4615 229384.6764,-51672.4933 229370.14,-51681.9979 229353.9263,-51690.3843 229346.378599999,-51702.4048 229347.7763,-51708.2753 229354.765,-51718.0594 229371.537799999,-51733.714 229376.010500001,-51753.2823 229384.1174,-51761.6687 229396.1379,-51764.4641 229417.942500001,-51766.1414 229437.2312,-51757.1959 229450.369899999,-51739.0254 229455.122199999,-51726.1663 229450.6494,-51714.9844 229448.972100001)))",Castro do Monte dos Castelos
"MULTIPOLYGON (((-52597.1928 231566.329399999,-52548.0537 231575.2017,-52522.1192 231554.044600001,-52507.787 231531.522600001,-52507.787 231514.4604,-52506.422 231464.638900001,-52523.4842 231435.292,-52528.2616 231386.8354,-52542.5938 231356.123500001,-52552.8311 231343.156300001,-52567.8458 231328.1416,-52582.8605 231319.269300001,-52597.8752 231313.8094,-52614.9374 231313.1269,-52636.0945 231328.824100001,-52657.2516 231366.3608,-52655.2041 231424.372199999,-52653.8391 231484.431,-52647.6968 231521.2853,-52624.4922 231545.854800001,-52597.1928 231566.329399999)))",Castro de Formigoso
"MULTIPOLYGON (((-44229.0816 234770.842800001,-44218.5781 234758.783199999,-44189.3131 234704.621099999,-44174.4622 234682.344699999,-44163.5424 234678.4136,-44168.3471 234666.620200001,-44178.8301 234637.3552,-44200.2329 234609.837300001,-44226.0035 234587.9978,-44256.5789 234576.204399999,-44277.5449 234571.8365,-44298.0741 234575.330800001,-44315.5458 234586.6874,-44332.1439 234608.527,-44343.0636 234629.0562,-44356.1674 234650.458900001,-44368.8343 234674.4825,-44363.5928 234688.896600001,-44341.453 234710.025599999,-44320.2701 234716.437799999,-44308.6794 234739.669199999,-44294.143 234758.957900001,-44267.3065 234777.408,-44248.2974 234778.5262,-44229.0816 234770.842800001)))",Castro do Formigoso
"MULTIPOLYGON (((-51812.2666 235793.28,-51825.1257 235803.064099999,-51837.4258 235816.4823,-51847.769 235832.4165,-51850.844 235853.662,-51851.9622 235865.682499999,-51847.2099 235877.703,-51823.728 235879.9394,-51817.2984 235883.853,-51811.7075 235905.937200001,-51810.8689 235917.957699999,-51810.0302 235927.182700001,-51804.4393 235933.332800001,-51791.0211 235936.6873,-51772.571 235936.4078,-51759.9914 235932.214600001,-51744.6163 235926.3441,-51725.3276 235919.635,-51722.2526 235907.334899999,-51722.2526 235894.7553,-51721.6935 235871.553,-51721.1344 235851.1461,-51720.2958 235837.7279,-51720.2958 235828.223300001,-51718.8757 235821.134,-51719.5913 235815.945599999,-51726.211 235808.252499999,-51733.0096 235802.3485,-51761.9929 235801.096100001,-51812.2666 235793.28)))",Alto da Coroa (I)
"MULTIPOLYGON (((-60354.5262 231390.684699999,-60363.6989 231359.672499999,-60378.113 231327.3499,-60389.0328 231302.4528,-60410.8723 231292.4066,-60440.1374 231298.5217,-60456.0412 231307.0189,-60462.5535 231309.6336,-60472.9417 231311.686,-60475.9717 231326.686,-60478.2081 231338.147399999,-60481.2831 231342.899700001,-60481.2831 231368.338400001,-60486.0354 231386.7885,-60482.6808 231405.797599999,-60445.5012 231419.775,-60424.8147 231428.1614,-60414.192 231430.677300001,-60401.0533 231436.827299999,-60384.2805 231449.4069,-60366.669 231459.7501,-60357.7236 231468.975199999,-60351.0144 231465.9001,-60349.4625 231444.472,-60354.3723 231437.7301,-60338.7479 231434.0877,-60335.8854 231428.5415,-60334.0963 231420.490599999,-60348.2302 231411.008400001,-60354.5262 231390.684699999)))",Castro do Carreço
"MULTIPOLYGON (((-60346.5007 232552.1545,-60363.358 232552.7906,-60379.5791 232557.2435,-60399.299 232565.195,-60419.3369 232581.098099999,-60430.469 232595.7289,-60438.1025 232598.591499999,-60433.0135 232613.5404,-60418.7007 232632.6241,-60406.9324 232645.0285,-60390.0752 232659.659399999,-60382.1236 232663.158,-60365.5844 232663.794199999,-60352.8619 232662.2039,-60333.8379 232651.270500001,-60323.4015 232644.312899999,-60305.0135 232637.3553,-60288.1165 232642.822,-60283.5165 232638.222,-60283.6597 232629.821699999,-60290.2038 232623.4003,-60318.1932 232599.545700001,-60329.3254 232591.5941,-60325.8267 232581.416200001,-60323.6003 232571.5562,-60320.4196 232562.968599999,-60327.0989 232554.699,-60346.5007 232552.1545)))",Castro (Fid 137)
"MULTIPOLYGON (((-60181.1002 235645.124,-60148.5677 235655.7488,-60120.0632 235667.5755,-60102.2617 235695.266799999,-60083.1415 235731.1995,-60067.9773 235744.0561,-60050.7179 235752.166200001,-60014.5006 235748.946900001,-59985.5267 235741.703500001,-59953.3335 235731.240700001,-59924.3597 235702.266799999,-59907.4583 235666.0495,-59893.7762 235630.637,-59883.3134 235600.0535,-59874.4603 235577.518300001,-59858.3637 235546.934800001,-59859.9734 235518.765799999,-59861.583 235496.230599999,-59864.8023 235469.6712,-59884.1182 235443.1119,-59910.6776 235422.1863,-59939.6514 235402.8704,-59975.8688 235389.993100001,-60027.3778 235390.798,-60077.2772 235395.6269,-60111.8849 235414.138,-60166.6133 235440.6974,-60200.4161 235464.0374,-60224.561 235501.059599999,-60220.5368 235524.399599999,-60206.0499 235575.9087,-60190.7581 235619.3694,-60181.1002 235645.124)))","Cividade de Âncora
"
"MULTIPOLYGON (((-56457.4887 237887.984300001,-56481.1557 237897.1329,-56502.6349 237910.259099999,-56514.7668 237921.794299999,-56516.7556 237927.9596,-56512.5791 237932.1361,-56506.6126 237942.676899999,-56497.464 237951.03,-56486.1277 237962.9629,-56475.587 237972.7081,-56462.063 237979.0723,-56454.7043 237979.470100001,-56437.2027 237973.9014,-56427.6564 237966.145,-56421.6899 237951.228800001,-56420.6955 237935.914899999,-56417.9111 237918.811,-56417.7122 237904.4915,-56418.3089 237896.337300001,-56420.6955 237889.973099999,-56424.872 237884.205499999,-56435.015 237881.4212,-56449.3345 237884.205499999,-56457.4887 237887.984300001)))",Castro (Fid 92)
"MULTIPOLYGON (((-57493.4288 238344.4811,-57502.1299 238328.0112,-57490.3213 238301.9079,-57481.384 238273.561799999,-57490.9248 238255.2313,-57483.1463 238224.470899999,-57495.8748 238209.621,-57523.4531 238198.660399999,-57574.367 238182.396299999,-57582.6463 238173.381899999,-57599.9786 238175.6064,-57615.8278 238183.8554,-57625.9217 238207.9858,-57620.6703 238257.5649,-57615.0132 238282.229800001,-57596.6842 238297.390799999,-57564.4671 238326.320699999,-57558.5006 238334.4749,-57534.4359 238341.8335,-57513.7521 238348.197699999,-57493.4288 238344.4811)))","Castro de Riba de Âncora
"
"MULTIPOLYGON (((-57478.55 239449.231699999,-57477.1357 239461.960200001,-57479.2571 239468.3244,-57462.2858 239475.749399999,-57450.2645 239495.195599999,-57429.7575 239486.002900001,-57415.2612 239467.263699999,-57409.2506 239455.9495,-57407.4827 239442.8675,-57406.0684 239431.553300001,-57405.0077 239420.2391,-57407.1291 239409.9857,-57417.3826 239397.6108,-57425.8683 239389.8323,-57436.8289 239386.6501,-57446.3752 239381.700200001,-57456.6287 239384.5287,-57464.4072 239393.0144,-57470.4179 239396.9036,-57476.075 239400.439300001,-57480.3178 239406.0964,-57485.6213 239415.2892,-57475.7214 239432.967599999,-57478.55 239449.231699999)))","Castro da Urceira
"
"MULTIPOLYGON (((-52823.3407 240295.350199999,-52819.7707 240323.78,-52805.4367 240323.252800001,-52785.9905 240322.8992,-52772.2013 240317.949200001,-52759.8264 240306.6351,-52755.5836 240292.845899999,-52749.2194 240286.481699999,-52740.0266 240273.0461,-52737.5516 240263.499700001,-52739.673 240255.0141,-52745.3301 240246.5284,-52750.6337 240239.4571,-52754.5229 240230.9714,-52762.655 240219.657199999,-52769.3728 240210.1109,-52775.0299 240200.918099999,-52779.2727 240191.018200001,-52791.294 240186.0682,-52807.9117 240188.543199999,-52818.8723 240197.3824,-52828.0651 240213.646600001,-52839.6434 240248.850199999,-52823.4546 240279.636600001,-52823.3407 240295.350199999)))","Alto do Crasto
"
"MULTIPOLYGON (((-50561.3383 241419.3147,-50558.1562 241465.2786,-50563.8133 241496.746200001,-50573.006 241518.313899999,-50560.9847 241529.9816,-50542.2456 241551.5493,-50530.9314 241568.5206,-50515.3744 241583.3705,-50501.5852 241590.088300001,-50479.3104 241595.7454,-50455.6213 241596.452500001,-50445.7214 241583.3705,-50433.3465 241574.1777,-50426.9823 241553.670700001,-50433.3465 241536.345899999,-50443.6 241522.2031,-50447.1357 241508.414,-50448.9035 241496.3926,-50453.1464 241484.0177,-50463.0463 241474.825,-50468.7034 241460.3287,-50475.4212 241447.2466,-50478.2497 241426.032500001,-50489.5639 241418.6076,-50500.1709 241411.182700001,-50518.9101 241401.636299999,-50541.5384 241407.293400001,-50561.3383 241419.3147)))","Alto da Coroa (II)
"
"MULTIPOLYGON (((-59026.1187 243014.954700001,-58994.2127 242975.128699999,-58994.6653 242965.8511,-59001.2275 242957.026,-59007.1109 242943.2227,-59016.1622 242938.470799999,-59023.8559 242933.9451,-59035.8489 242936.8868,-59048.9734 242940.959899999,-59062.0978 242950.4638,-59069.1126 242956.799699999,-59076.1274 242964.0408,-59080.2005 242970.603,-59082.6897 242978.0704,-59082.6897 242991.4212,-59075.2223 242999.114800001,-59067.5287 243007.9399,-59057.3459 243018.3489,-59046.7106 243024.006,-59030.8707 243021.9695,-59026.1187 243014.954700001)))","Castro de Souto
"
"MULTIPOLYGON (((-58342.8675 244453.7171,-58301.1559 244447.6074,-58263.7436 244432.320699999,-58235.1816 244415.424900001,-58220.6994 244399.3336,-58201.3899 244352.2665,-58186.9077 244318.0726,-58189.3214 244298.3607,-58188.5168 244275.0284,-58198.5739 244233.5933,-58200.183 244217.0997,-58217.4811 244212.6746,-58280.2372 244219.111099999,-58316.8449 244231.581900001,-58350.2343 244260.5462,-58370.5244 244315.432600001,-58388.1242 244388.3462,-58373.6672 244419.146,-58342.8675 244453.7171)))",Coto da Pena
"MULTIPOLYGON (((-55134.2581 247836.085100001,-55126.6312 247843.299799999,-55119.8288 247837.734200001,-55110.3466 247823.9233,-55119.6226 247816.0902,-55127.6618 247808.257099999,-55133.0213 247797.9505,-55146.0077 247793.8278,-55155.696 247797.3321,-55166.621 247805.577400001,-55169.3008 247813.822699999,-55150.5426 247826.3969,-55134.2581 247836.085100001)))","Senhora do Crasto de Góios
"
"MULTIPOLYGON (((-53363.0073 248903.643100001,-53337.4883 248878.615599999,-53336.8217 248815.29,-53338.8215 248775.9615,-53344.8207 248761.629899999,-53379.1499 248745.9652,-53356.1527 248732.966700001,-53360.0322 248709.718,-53368.2709 248689.121200001,-53386.1215 248684.5441,-53415.4148 248683.628699999,-53432.8077 248690.036599999,-53443.7927 248708.344900001,-53450.6583 248717.4991,-53467.1358 248734.892,-53474.0014 248753.658,-53477.6631 248790.7323,-53479.4939 248829.1798,-53476.2899 248856.1845,-53462.101 248886.393200001,-53432.2892 248902.4877,-53403.0428 248915.423599999,-53389.4685 248912.225099999,-53363.0073 248903.643100001)))",Castro de Monte Gois
"MULTIPOLYGON (((-51116.4261 249965.816199999,-51084.43 249954.817600001,-51061.7661 249946.152,-51055.4336 249936.153200001,-51057.7666 249927.487600001,-51078.764 249882.826400001,-51089.4294 249865.828400001,-51104.4276 249858.829299999,-51115.0929 249859.162599999,-51131.091 249863.8287,-51146.7557 249869.4947,-51158.0877 249875.827199999,-51164.7535 249879.8267,-51170.7528 249884.826099999,-51162.4205 249911.822799999,-51133.7573 249954.151,-51116.4261 249965.816199999)))","Castro de Gondarém
"
"MULTIPOLYGON (((-49827.9168 248064.0484,-49799.5869 248067.714600001,-49777.9229 248063.3818,-49754.2591 248050.050100001,-49745.9268 248033.052200001,-49748.5931 248018.7206,-49758.5919 248005.722200001,-49766.2576 247998.723,-49779.256 247990.057399999,-49796.5872 247988.724300001,-49840.2486 247989.390900001,-49847.9143 247983.0583,-49862.5792 247973.7261,-49880.9103 247969.393300001,-49889.2426 247973.0595,-49887.2428 247980.725199999,-49881.9102 248000.3895,-49881.2436 248021.0537,-49871.2448 248040.0513,-49852.2471 248054.3829,-49827.9168 248064.0484)))",Castro (Fid 90)
"MULTIPOLYGON (((-59065.5209 234265.133400001,-59052.9532 234276.3782,-59020.5417 234277.701099999,-58998.052 234267.117799999,-58990.776 234249.258400001,-58991.4374 234226.7687,-58996.7291 234210.8937,-59009.2968 234191.049900001,-59028.4792 234185.096799999,-59047.0 234184.4353,-59066.8438 234201.633300001,-59073.4584 234222.8,-59075.4428 234247.274,-59065.5209 234265.133400001)))","Castro de Agrichousa
"
"MULTIPOLYGON (((-31069.7852 247921.533500001,-31050.7352 247934.2335,-31027.4518 247941.641799999,-31013.6934 247939.5252,-30997.8184 247930.0001,-30978.7683 247903.5418,-30973.4767 247882.3751,-30973.4767 247859.091700001,-30986.1767 247840.0416,-30999.9351 247826.283299999,-31021.1018 247809.3499,-31047.5602 247808.2916,-31062.3769 247814.6416,-31077.1935 247826.283299999,-31097.3019 247847.45,-31101.5353 247877.0834,-31093.0686 247897.1917,-31069.7852 247921.533500001)))",Castro (Novo)
"MULTIPOLYGON (((-27135.1973 251483.360099999,-27098.1556 251492.6205,-27054.7638 251480.4497,-27015.6054 251443.4079,-26979.0928 251380.1724,-26984.3845 251288.891,-27002.9054 251206.87,-27030.6867 251175.119899999,-27048.4138 251142.840700001,-27053.1763 251070.609300001,-27058.9972 251017.9571,-27083.3389 250925.881899999,-27123.5556 250848.623400001,-27164.3015 250820.577500001,-27206.635 250811.3171,-27248.9684 250821.9005,-27271.458 250868.2026,-27274.1038 251022.984200001,-27275.4268 251176.4428,-27275.4268 251269.0472,-27251.6142 251335.1931,-27196.0516 251448.964199999,-27135.1973 251483.360099999)))",Castro de Eiras
"MULTIPOLYGON (((-39589.6889 234580.080499999,-39544.7096 234791.7476,-39499.7304 234860.5394,-39446.8136 234900.227,-39346.2717 234879.0603,-39277.4799 234839.3727,-39231.1778 234769.258,-39210.011 234728.247500001,-39204.7194 234684.5911,-39203.3965 234631.6744,-39217.9486 234594.6326,-39248.3757 234548.330399999,-39268.2195 234503.351199999,-39335.6884 234442.4969,-39421.6781 234401.486400001,-39479.8866 234364.444700001,-39510.3137 234353.861300001,-39536.7721 234356.507099999,-39540.7409 234412.069700001,-39552.6471 234513.9345,-39589.6889 234580.080499999)))",Castro de Santo Ovídio
"MULTIPOLYGON (((-51175.1055 228331.8915,-51204.2097 228360.9957,-51214.793 228408.6208,-51202.8868 228466.8292,-51183.043 228476.0897,-51155.2617 228478.7355,-51118.2199 228458.8917,-51074.5636 228416.5583,-51040.1677 228387.4541,-51024.2927 228366.2874,-51012.3864 228342.4748,-50954.1779 228323.9539,-50910.5216 228317.339400001,-50877.4486 228288.235099999,-50872.1569 228215.4746,-50866.8653 228155.9432,-50890.6778 228117.578500001,-50917.1362 228085.828500001,-50979.3134 228093.766,-51017.6781 228120.224400001,-51057.3656 228166.5266,-51091.7615 228178.432800001,-51119.5428 228207.537,-51149.97 228232.672499999,-51176.4284 228257.808,-51175.1055 228294.8497,-51175.1055 228331.8915)))",Castro de S. Silvestre de Cardielos
"MULTIPOLYGON (((-22849.4362 265555.808700001,-22830.8095 265565.6512,-22796.6781 265574.3825,-22757.7843 265565.6512,-22732.3843 265533.9012,-22700.6342 265485.4823,-22677.9858 265424.046,-22677.9858 265381.1834,-22673.2233 265355.783299999,-22665.2858 265322.445800001,-22652.5858 265292.283199999,-22638.8274 265268.9998,-22636.1816 265257.358100001,-22644.6482 265246.2456,-22667.4025 265246.2456,-22699.6817 265241.483100001,-22728.7859 265237.778899999,-22752.0693 265240.424799999,-22790.3281 265266.4069,-22816.5219 265292.6007,-22827.6344 265360.069599999,-22835.572 265431.507200001,-22875.2595 265483.8948,-22869.7033 265538.663699999,-22849.4362 265555.808700001)))",Castro de Nossa Senhora da Assunção
